breaktype;code;datetime;givenanswer;question;time;vpid;cid
images;SPKFEB;2016-07-04T15:19:03+02:00;0;mountaincloud;6688;35;SPKFEB
images;SPKFEB;2016-07-04T15:19:05+02:00;NA;NA;8843;35;SPKFEB
images;SPKFEB;2016-07-04T15:19:43+02:00;2;nightlyforest;3965;35;SPKFEB
images;SPKFEB;2016-07-04T15:19:46+02:00;NA;NA;7114;35;SPKFEB
images;SPKFEB;2016-07-04T15:20:15+02:00;2;wave;2143;35;SPKFEB
images;SPKFEB;2016-07-04T15:20:19+02:00;NA;NA;6099;35;SPKFEB
images;IFLMNX;2016-07-04T16:00:52+02:00;3;hilltrail;6108;36;IFLMNX
images;IFLMNX;2016-07-04T16:01:09+02:00;NA;NA;23426;36;IFLMNX
images;IFLMNX;2016-07-04T16:01:54+02:00;5;waterfalls;4105;36;IFLMNX
images;IFLMNX;2016-07-04T16:01:56+02:00;NA;NA;6176;36;IFLMNX
images;IFLMNX;2016-07-04T16:02:39+02:00;9;nightlyforest;5497;36;IFLMNX
images;IFLMNX;2016-07-04T16:02:41+02:00;NA;NA;7544;36;IFLMNX
images;KODHVR;2016-07-04T17:08:15+02:00;5;frozenlake;3301;38;KODHVR
images;KODHVR;2016-07-04T17:08:38+02:00;NA;NA;25980;38;KODHVR
images;KODHVR;2016-07-04T17:09:24+02:00;7;wave;2350;38;KODHVR
images;KODHVR;2016-07-04T17:09:26+02:00;NA;NA;3989;38;KODHVR
images;KODHVR;2016-07-04T17:09:48+02:00;7;mountain;1004;38;KODHVR
images;KODHVR;2016-07-04T17:09:50+02:00;NA;NA;2837;38;KODHVR
images;EFQEDH;2016-07-04T17:57:27+02:00;8;frozenlake;2015;39;EFQEDH
images;EFQEDH;2016-07-04T17:57:28+02:00;NA;NA;3599;39;EFQEDH
images;EFQEDH;2016-07-04T17:58:28+02:00;5;waterfalls;1461;39;EFQEDH
images;EFQEDH;2016-07-04T17:58:39+02:00;NA;NA;12469;39;EFQEDH
images;EFQEDH;2016-07-04T17:59:20+02:00;5;nightlyforest;1149;39;EFQEDH
images;EFQEDH;2016-07-04T17:59:22+02:00;NA;NA;2781;39;EFQEDH
calculations;CVVNCY;2016-07-04T19:45:38+02:00;3;2 + 1 = ?;5128;42;CVVNCY
calculations;CVVNCY;2016-07-04T19:45:58+02:00;NA;NA;24583;42;CVVNCY
calculations;CVVNCY;2016-07-04T19:46:59+02:00;2;3 - 1 = ?;2379;42;CVVNCY
calculations;CVVNCY;2016-07-04T19:47:05+02:00;NA;NA;8507;42;CVVNCY
calculations;CVVNCY;2016-07-04T19:47:48+02:00;7;9 - 2 = ?;4336;42;CVVNCY
calculations;CVVNCY;2016-07-04T19:47:50+02:00;NA;NA;6448;42;CVVNCY
calculations;NUKFMS;2016-07-04T19:48:16+02:00;1;8 - 5 = ?;3188;43;NUKFMS
calculations;NUKFMS;2016-07-04T19:48:25+02:00;NA;NA;11568;43;NUKFMS
calculations;NUKFMS;2016-07-04T19:52:57+02:00;7;9 - 2 = ?;6913;43;NUKFMS
calculations;NUKFMS;2016-07-04T19:53:14+02:00;NA;NA;23870;43;NUKFMS
calculations;ZLQGSR;2016-07-04T20:05:22+02:00;8;4 + 4 = ?;6565;45;ZLQGSR
calculations;ZLQGSR;2016-07-04T20:05:25+02:00;NA;NA;9581;45;ZLQGSR
calculations;ZLQGSR;2016-07-04T20:07:04+02:00;8;9 - 2 = ?;10122;45;ZLQGSR
calculations;ZLQGSR;2016-07-04T20:07:06+02:00;NA;NA;12189;45;ZLQGSR
calculations;ZLQGSR;2016-07-04T20:08:13+02:00;8;3 + 5 = ?;6217;45;ZLQGSR
calculations;ZLQGSR;2016-07-04T20:08:15+02:00;NA;NA;8320;45;ZLQGSR
calculations;CTLGEU;2016-07-05T08:50:20+02:00;7;9 - 2 = ?;2955;46;CTLGEU
calculations;CTLGEU;2016-07-05T08:50:29+02:00;NA;NA;11491;46;CTLGEU
calculations;RJTLUP;2016-07-05T10:15:57+02:00;1;2 + 1 = ?;4452;47;RJTLUP
calculations;RJTLUP;2016-07-05T10:16:01+02:00;NA;NA;8596;47;RJTLUP
calculations;RJTLUP;2016-07-05T10:16:42+02:00;1;4 + 4 = ?;1461;47;RJTLUP
calculations;RJTLUP;2016-07-05T10:16:43+02:00;NA;NA;2773;47;RJTLUP
calculations;RJTLUP;2016-07-05T10:18:15+02:00;1;3 + 5 = ?;1407;47;RJTLUP
calculations;RJTLUP;2016-07-05T10:18:31+02:00;NA;NA;17480;47;RJTLUP
default;WQYKQD;2016-07-05T10:32:46+02:00;NA;NA;3152;50;WQYKQD
default;WQYKQD;2016-07-05T10:33:23+02:00;NA;NA;997;50;WQYKQD
default;WQYKQD;2016-07-05T10:34:09+02:00;NA;NA;968;50;WQYKQD
default;HRLIKQ;2016-07-05T03:51:32-05:00;NA;NA;5660;51;HRLIKQ
default;HRLIKQ;2016-07-05T03:53:46-05:00;NA;NA;3660;51;HRLIKQ
images;OGXXXB;2016-07-05T03:55:04-05:00;0;frozenlake;4107;56;OGXXXB
images;OGXXXB;2016-07-05T03:55:13-05:00;NA;NA;12274;56;OGXXXB
default;HRLIKQ;2016-07-05T03:55:21-05:00;NA;NA;2588;51;HRLIKQ
default;KCXKYN;2016-07-05T04:56:39-04:00;NA;NA;5596;55;KCXKYN
default;DZXULD;2016-07-05T04:56:50-04:00;NA;NA;4732;54;DZXULD
images;OGXXXB;2016-07-05T03:58:18-05:00;0;wave;2379;56;OGXXXB
images;OGXXXB;2016-07-05T03:58:20-05:00;NA;NA;3956;56;OGXXXB
images;WXMRAC;2016-07-05T14:28:46+05:30;0;frozenlake;17594;60;WXMRAC
images;WXMRAC;2016-07-05T14:28:50+05:30;NA;NA;21536;60;WXMRAC
default;KCXKYN;2016-07-05T04:59:45-04:00;NA;NA;1249;55;KCXKYN
default;DZXULD;2016-07-05T05:00:43-04:00;NA;NA;17140;54;DZXULD
images;OGXXXB;2016-07-05T04:00:54-05:00;0;waterfalls;2782;56;OGXXXB
images;OGXXXB;2016-07-05T04:00:58-05:00;NA;NA;6762;56;OGXXXB
calculations;BFCTLQ;2016-07-05T05:01:20-04:00;3;8 - 5 = ?;5169;68;BFCTLQ
calculations;BFCTLQ;2016-07-05T05:01:29-04:00;NA;NA;14321;68;BFCTLQ
default;ZZLJEB;2016-07-05T05:01:29-04:00;NA;NA;29279;53;ZZLJEB
calculations;ILNWZM;2016-07-05T02:02:20-07:00;2;3 - 1 = ?;4279;70;ILNWZM
calculations;ILNWZM;2016-07-05T02:02:26-07:00;NA;NA;9789;70;ILNWZM
calculations;RXCLJA;2016-07-05T05:03:42-04:00;2;3 - 1 = ?;5619;69;RXCLJA
calculations;RXCLJA;2016-07-05T05:03:53-04:00;NA;NA;16123;69;RXCLJA
default;DZXULD;2016-07-05T05:04:26-04:00;NA;NA;17631;54;DZXULD
default;PORDUM;2016-07-05T05:05:12-04:00;NA;NA;7530;79;PORDUM
default;ZZLJEB;2016-07-05T05:05:47-04:00;NA;NA;2791;53;ZZLJEB
images;WXMRAC;2016-07-05T14:36:20+05:30;9;wave;17005;60;WXMRAC
images;WXMRAC;2016-07-05T14:36:24+05:30;NA;NA;20884;60;WXMRAC
default;PORDUM;2016-07-05T05:06:20-04:00;NA;NA;4792;79;PORDUM
calculations;BFCTLQ;2016-07-05T05:06:45-04:00;8;3 + 5 = ?;5651;68;BFCTLQ
calculations;BFCTLQ;2016-07-05T05:06:47-04:00;NA;NA;7890;68;BFCTLQ
calculations;ILNWZM;2016-07-05T02:06:44-07:00;8;4 + 4 = ?;2415;70;ILNWZM
calculations;ILNWZM;2016-07-05T02:07:02-07:00;NA;NA;20635;70;ILNWZM
default;PORDUM;2016-07-05T05:07:38-04:00;NA;NA;5349;79;PORDUM
default;OCLXDQ;2016-07-05T03:07:57-06:00;NA;NA;43160;77;OCLXDQ
calculations;BFCTLQ;2016-07-05T05:10:36-04:00;8;4 + 4 = ?;3362;68;BFCTLQ
calculations;BFCTLQ;2016-07-05T05:10:38-04:00;NA;NA;5633;68;BFCTLQ
calculations;ILNWZM;2016-07-05T02:10:45-07:00;7;9 - 2 = ?;2338;70;ILNWZM
calculations;RXCLJA;2016-07-05T05:10:54-04:00;7;9 - 2 = ?;2613;69;RXCLJA
calculations;CIZXJU;2016-07-05T02:10:59-07:00;8;3 + 5 = ?;9438;71;CIZXJU
calculations;ILNWZM;2016-07-05T02:10:59-07:00;NA;NA;16054;70;ILNWZM
calculations;CIZXJU;2016-07-05T02:11:17-07:00;NA;NA;27809;71;CIZXJU
calculations;RXCLJA;2016-07-05T05:11:35-04:00;NA;NA;44528;69;RXCLJA
default;ZZLJEB;2016-07-05T05:12:12-04:00;NA;NA;2755;53;ZZLJEB
default;OCLXDQ;2016-07-05T03:12:25-06:00;NA;NA;11215;77;OCLXDQ
images;WFGTIP;2016-07-05T14:42:43+05:30;7;wave;18665;59;WFGTIP
images;WFGTIP;2016-07-05T14:42:58+05:30;NA;NA;34336;59;WFGTIP
images;NZFTZX;2016-07-05T04:13:57-05:00;7;hilltrail;36036;81;NZFTZX
images;WXMRAC;2016-07-05T14:44:06+05:30;5;nightlyforest;14749;60;WXMRAC
images;WXMRAC;2016-07-05T14:44:09+05:30;NA;NA;17532;60;WXMRAC
default;SJSNCL;2016-07-05T02:15:16-07:00;NA;NA;28245;75;SJSNCL
default;XWKPYB;2016-07-05T14:46:04+05:30;NA;NA;6591;73;XWKPYB
default;OCLXDQ;2016-07-05T03:17:16-06:00;NA;NA;20276;77;OCLXDQ
images;NZFTZX;2016-07-05T04:17:43-05:00;NA;NA;261508;81;NZFTZX
images;OOLGVK;2016-07-05T05:18:10-04:00;8;mountaincloud;5579;84;OOLGVK
images;OOLGVK;2016-07-05T05:18:15-04:00;NA;NA;11102;84;OOLGVK
images;WFGTIP;2016-07-05T14:49:11+05:30;9;mountain;11100;59;WFGTIP
calculations;RXCLJA;2016-07-05T05:19:17-04:00;3;8 - 5 = ?;3044;69;RXCLJA
images;WFGTIP;2016-07-05T14:49:22+05:30;NA;NA;22037;59;WFGTIP
images;OFPSFT;2016-07-05T01:19:28-08:00;8;frozenlake;444;87;OFPSFT
images;OFPSFT;2016-07-05T01:19:30-08:00;NA;NA;2307;87;OFPSFT
calculations;RXCLJA;2016-07-05T05:19:39-04:00;NA;NA;24596;69;RXCLJA
images;OFPSFT;2016-07-05T01:20:38-08:00;2;nightlyforest;415;87;OFPSFT
images;OFPSFT;2016-07-05T01:20:40-08:00;NA;NA;2793;87;OFPSFT
images;OOLGVK;2016-07-05T05:20:42-04:00;3;hilltrail;6276;84;OOLGVK
images;OOLGVK;2016-07-05T05:20:45-04:00;NA;NA;8830;84;OOLGVK
images;OFPSFT;2016-07-05T01:21:17-08:00;8;wave;399;87;OFPSFT
images;OFPSFT;2016-07-05T01:21:18-08:00;NA;NA;2037;87;OFPSFT
images;LSAVJB;2016-07-05T11:21:19+02:00;5;frozenlake;25247;85;LSAVJB
images;LSAVJB;2016-07-05T11:21:25+02:00;NA;NA;31734;85;LSAVJB
calculations;FHFQCN;2016-07-05T14:53:19+05:30;2;3 - 1 = ?;12681;90;FHFQCN
images;OOLGVK;2016-07-05T05:23:20-04:00;9;nightlyforest;4520;84;OOLGVK
images;OOLGVK;2016-07-05T05:23:26-04:00;NA;NA;10173;84;OOLGVK
calculations;FHFQCN;2016-07-05T14:53:28+05:30;NA;NA;22025;90;FHFQCN
default;XWKPYB;2016-07-05T14:53:55+05:30;NA;NA;8550;73;XWKPYB
images;NZFTZX;2016-07-05T04:24:12-05:00;9;mountain;19455;81;NZFTZX
default;SJSNCL;2016-07-05T02:25:45-07:00;NA;NA;12973;75;SJSNCL
calculations;FHFQCN;2016-07-05T14:56:33+05:30;3;8 - 5 = ?;9982;90;FHFQCN
calculations;FHFQCN;2016-07-05T14:56:36+05:30;NA;NA;12349;90;FHFQCN
default;XWKPYB;2016-07-05T14:57:12+05:30;NA;NA;2902;73;XWKPYB
images;WFGTIP;2016-07-05T14:57:12+05:30;9;frozenlake;7471;59;WFGTIP
images;WFGTIP;2016-07-05T14:57:14+05:30;NA;NA;10119;59;WFGTIP
default;GSFHJZ;2016-07-05T02:28:27-07:00;NA;NA;2674;96;GSFHJZ
images;LSAVJB;2016-07-05T11:28:36+02:00;9;wave;13275;85;LSAVJB
calculations;FHFQCN;2016-07-05T14:58:52+05:30;7;9 - 2 = ?;9211;90;FHFQCN
calculations;FHFQCN;2016-07-05T14:58:58+05:30;NA;NA;14443;90;FHFQCN
images;LSAVJB;2016-07-05T11:28:57+02:00;NA;NA;34348;85;LSAVJB
images;UNZTDR;2016-07-05T02:29:23-07:00;9;frozenlake;25080;83;UNZTDR
images;UNZTDR;2016-07-05T02:29:35-07:00;NA;NA;37157;83;UNZTDR
default;GSFHJZ;2016-07-05T02:30:03-07:00;NA;NA;3722;96;GSFHJZ
calculations;DHWBLW;2016-07-05T02:30:42-07:00;3;2 + 1 = ?;5236;89;DHWBLW
default;GSFHJZ;2016-07-05T02:31:16-07:00;NA;NA;2275;96;GSFHJZ
calculations;DHWBLW;2016-07-05T02:30:48-07:00;NA;NA;11006;89;DHWBLW
calculations;QAJHLS;2016-07-05T05:31:38-04:00;3;8 - 5 = ?;7957;92;QAJHLS
calculations;QAJHLS;2016-07-05T05:31:42-04:00;NA;NA;12175;92;QAJHLS
images;LSAVJB;2016-07-05T11:31:55+02:00;5;nightlyforest;6242;85;LSAVJB
images;LSAVJB;2016-07-05T11:31:57+02:00;NA;NA;8515;85;LSAVJB
calculations;HJLFWC;2016-07-05T15:02:07+05:30;7;9 - 2 = ?;15870;91;HJLFWC
calculations;HJLFWC;2016-07-05T15:02:22+05:30;NA;NA;31131;91;HJLFWC
calculations;DDNYGP;2016-07-05T04:33:24-05:00;2;3 - 1 = ?;4576;94;DDNYGP
calculations;DDNYGP;2016-07-05T04:33:45-05:00;NA;NA;25313;94;DDNYGP
default;SJSNCL;2016-07-05T02:33:59-07:00;NA;NA;11609;75;SJSNCL
default;ILNGPU;2016-07-05T05:33:22-04:00;NA;NA;10447;97;ILNGPU
default;SKLMFU;2016-07-05T04:34:18-05:00;NA;NA;2738;103;SKLMFU
default;ILNGPU;2016-07-05T05:34:32-04:00;NA;NA;5939;97;ILNGPU
default;ILNGPU;2016-07-05T05:35:04-04:00;NA;NA;1532;97;ILNGPU
calculations;EOZIMP;2016-07-05T02:36:06-07:00;3;2 + 1 = ?;6032;95;EOZIMP
default;SKLMFU;2016-07-05T04:36:23-05:00;NA;NA;1620;103;SKLMFU
images;NZFTZX;2016-07-05T04:36:32-05:00;NA;NA;759592;81;NZFTZX
default;CQHLRL;2016-07-05T05:36:39-04:00;NA;NA;9710;98;CQHLRL
calculations;EOZIMP;2016-07-05T02:36:54-07:00;NA;NA;54639;95;EOZIMP
calculations;DHWBLW;2016-07-05T02:37:06-07:00;8;3 + 5 = ?;3127;89;DHWBLW
calculations;DHWBLW;2016-07-05T02:37:13-07:00;NA;NA;10159;89;DHWBLW
calculations;QAJHLS;2016-07-05T05:37:56-04:00;2;3 - 1 = ?;5531;92;QAJHLS
images;AEEMGE;2016-07-05T10:37:59+01:00;0;mountaincloud;6191;105;AEEMGE
images;FQZTGM;2016-07-05T05:38:05-04:00;9;hilltrail;3787;108;FQZTGM
calculations;QAJHLS;2016-07-05T05:38:00-04:00;NA;NA;9607;92;QAJHLS
calculations;DDNYGP;2016-07-05T04:38:14-05:00;7;9 - 2 = ?;5427;94;DDNYGP
images;FQZTGM;2016-07-05T05:38:11-04:00;NA;NA;9626;108;FQZTGM
images;AEEMGE;2016-07-05T10:38:08+01:00;NA;NA;15615;105;AEEMGE
calculations;DDNYGP;2016-07-05T04:38:24-05:00;NA;NA;15293;94;DDNYGP
calculations;HJLFWC;2016-07-05T15:09:27+05:30;2;3 - 1 = ?;9306;91;HJLFWC
default;SKLMFU;2016-07-05T04:39:22-05:00;NA;NA;1413;103;SKLMFU
calculations;HJLFWC;2016-07-05T15:09:36+05:30;NA;NA;18138;91;HJLFWC
images;UNZTDR;2016-07-05T02:39:56-07:00;9;mountain;6153;83;UNZTDR
images;UNZTDR;2016-07-05T02:40:14-07:00;NA;NA;24552;83;UNZTDR
images;ZXHZPL;2016-07-05T02:40:41-07:00;7;wave;9288;111;ZXHZPL
images;NZFTZX;2016-07-05T04:40:46-05:00;9;mountaincloud;3464;81;NZFTZX
images;ZXHZPL;2016-07-05T02:40:51-07:00;NA;NA;19592;111;ZXHZPL
images;NZFTZX;2016-07-05T04:40:52-05:00;NA;NA;10096;81;NZFTZX
images;TZVVGL;2016-07-05T02:41:37-07:00;8;wave;6275;106;TZVVGL
images;TZVVGL;2016-07-05T02:41:45-07:00;NA;NA;14610;106;TZVVGL
calculations;DHWBLW;2016-07-05T02:41:47-07:00;7;9 - 2 = ?;1910;89;DHWBLW
calculations;DHWBLW;2016-07-05T02:41:49-07:00;NA;NA;3678;89;DHWBLW
calculations;TJLROQ;2016-07-05T04:42:24-05:00;2;3 - 1 = ?;7626;113;TJLROQ
images;MUXPCH;2016-07-05T05:42:45-04:00;0;wave;6806;104;MUXPCH
images;MUXPCH;2016-07-05T05:42:51-04:00;NA;NA;12357;104;MUXPCH
images;FQZTGM;2016-07-05T05:43:01-04:00;8;nightlyforest;3440;108;FQZTGM
calculations;QAJHLS;2016-07-05T05:42:57-04:00;8;4 + 4 = ?;3643;92;QAJHLS
calculations;QAJHLS;2016-07-05T05:42:59-04:00;NA;NA;5499;92;QAJHLS
default;CQHLRL;2016-07-05T05:42:54-04:00;NA;NA;5194;98;CQHLRL
images;FQZTGM;2016-07-05T05:43:07-04:00;NA;NA;9371;108;FQZTGM
calculations;HJLFWC;2016-07-05T15:13:05+05:30;8;4 + 4 = ?;5899;91;HJLFWC
images;AEEMGE;2016-07-05T10:43:07+01:00;0;nightlyforest;7208;105;AEEMGE
calculations;HJLFWC;2016-07-05T15:13:08+05:30;NA;NA;9161;91;HJLFWC
images;AEEMGE;2016-07-05T10:43:12+01:00;NA;NA;12481;105;AEEMGE
calculations;EOZIMP;2016-07-05T02:43:26-07:00;2;3 - 1 = ?;4690;95;EOZIMP
calculations;TJLROQ;2016-07-05T04:43:39-05:00;NA;NA;82550;113;TJLROQ
calculations;EOZIMP;2016-07-05T02:43:57-07:00;NA;NA;35576;95;EOZIMP
calculations;DDNYGP;2016-07-05T04:44:28-05:00;8;3 + 5 = ?;2835;94;DDNYGP
calculations;DDNYGP;2016-07-05T04:44:36-05:00;NA;NA;11165;94;DDNYGP
images;TZVVGL;2016-07-05T02:44:30-07:00;9;nightlyforest;6188;106;TZVVGL
images;TZVVGL;2016-07-05T02:44:33-07:00;NA;NA;8841;106;TZVVGL
default;YVUGMK;2016-07-05T05:45:15-04:00;NA;NA;96391;100;YVUGMK
images;TZVVGL;2016-07-05T02:46:28-07:00;9;hilltrail;6814;106;TZVVGL
default;IKRPHP;2016-07-05T04:46:32-05:00;NA;NA;13755;99;IKRPHP
images;TZVVGL;2016-07-05T02:46:30-07:00;NA;NA;9302;106;TZVVGL
images;ZXHZPL;2016-07-05T02:46:30-07:00;9;mountain;4220;111;ZXHZPL
images;UNZTDR;2016-07-05T02:46:39-07:00;2;wave;18825;83;UNZTDR
images;ZXHZPL;2016-07-05T02:46:39-07:00;NA;NA;12917;111;ZXHZPL
images;UNZTDR;2016-07-05T02:46:42-07:00;NA;NA;21913;83;UNZTDR
images;MUXPCH;2016-07-05T05:47:34-04:00;0;frozenlake;3619;104;MUXPCH
images;MUXPCH;2016-07-05T05:47:37-04:00;NA;NA;7338;104;MUXPCH
images;AEEMGE;2016-07-05T10:48:40+01:00;0;hilltrail;4309;105;AEEMGE
calculations;EOZIMP;2016-07-05T02:48:49-07:00;7;9 - 2 = ?;3276;95;EOZIMP
calculations;TJLROQ;2016-07-05T04:48:42-05:00;8;4 + 4 = ?;3737;113;TJLROQ
calculations;TJLROQ;2016-07-05T04:48:46-05:00;NA;NA;7440;113;TJLROQ
images;AEEMGE;2016-07-05T10:49:02+01:00;NA;NA;26348;105;AEEMGE
calculations;EOZIMP;2016-07-05T02:49:15-07:00;NA;NA;28866;95;EOZIMP
default;CQHLRL;2016-07-05T05:49:23-04:00;NA;NA;4339;98;CQHLRL
calculations;TJLROQ;2016-07-05T04:49:57-05:00;7;9 - 2 = ?;5883;113;TJLROQ
default;YVUGMK;2016-07-05T05:50:05-04:00;NA;NA;14811;100;YVUGMK
calculations;TJLROQ;2016-07-05T04:50:00-05:00;NA;NA;8984;113;TJLROQ
default;JYOXRB;2016-07-05T15:20:36+05:30;NA;NA;29732;101;JYOXRB
calculations;JPXCCB;2016-07-05T05:51:01-04:00;3;8 - 5 = ?;6174;115;JPXCCB
calculations;JPXCCB;2016-07-05T05:51:05-04:00;NA;NA;10532;115;JPXCCB
images;MUXPCH;2016-07-05T05:51:19-04:00;0;mountain;2173;104;MUXPCH
images;MUXPCH;2016-07-05T05:51:21-04:00;NA;NA;3733;104;MUXPCH
images;ZXHZPL;2016-07-05T02:53:21-07:00;8;hilltrail;4275;111;ZXHZPL
images;ZXHZPL;2016-07-05T02:53:24-07:00;NA;NA;7315;111;ZXHZPL
default;YVUGMK;2016-07-05T05:56:05-04:00;NA;NA;35294;100;YVUGMK
default;BBFJUU;2016-07-05T05:56:08-04:00;NA;NA;9846;120;BBFJUU
calculations;JPXCCB;2016-07-05T05:57:32-04:00;7;9 - 2 = ?;2737;115;JPXCCB
calculations;JPXCCB;2016-07-05T05:57:38-04:00;NA;NA;8778;115;JPXCCB
default;IKRPHP;2016-07-05T04:57:51-05:00;NA;NA;11247;99;IKRPHP
default;BBFJUU;2016-07-05T06:00:48-04:00;NA;NA;5450;120;BBFJUU
default;JYOXRB;2016-07-05T15:31:01+05:30;NA;NA;11074;101;JYOXRB
default;SLLJUA;2016-07-05T05:02:36-05:00;NA;NA;6780;126;SLLJUA
default;HZTPOX;2016-07-05T03:02:58-07:00;NA;NA;2083;124;HZTPOX
calculations;JPXCCB;2016-07-05T06:03:04-04:00;8;3 + 5 = ?;2348;115;JPXCCB
calculations;JPXCCB;2016-07-05T06:03:05-04:00;NA;NA;3589;115;JPXCCB
default;BBFJUU;2016-07-05T06:03:12-04:00;NA;NA;6311;120;BBFJUU
images;DKPOBV;2016-07-05T06:03:55-04:00;7;hilltrail;11865;131;DKPOBV
images;DKPOBV;2016-07-05T06:04:00-04:00;NA;NA;16775;131;DKPOBV
default;HZTPOX;2016-07-05T03:04:21-07:00;NA;NA;1378;124;HZTPOX
images;MRYSWB;2016-07-05T05:05:32-05:00;9;frozenlake;10109;134;MRYSWB
images;LSRKCR;2016-07-05T06:05:35-04:00;8;waterfalls;14949;130;LSRKCR
default;ZQFMRZ;2016-07-05T03:05:22-07:00;NA;NA;5726;127;ZQFMRZ
images;MRYSWB;2016-07-05T05:05:45-05:00;NA;NA;23703;134;MRYSWB
images;LSRKCR;2016-07-05T06:05:49-04:00;NA;NA;28910;130;LSRKCR
default;IIBMKM;2016-07-05T06:06:19-04:00;NA;NA;12086;121;IIBMKM
images;QKWZVE;2016-07-05T05:06:44-05:00;3;wave;8621;132;QKWZVE
images;QKWZVE;2016-07-05T05:06:58-05:00;NA;NA;22745;132;QKWZVE
images;MRYSWB;2016-07-05T05:07:21-05:00;8;mountain;4307;134;MRYSWB
images;MRYSWB;2016-07-05T05:07:24-05:00;NA;NA;6720;134;MRYSWB
default;HZTPOX;2016-07-05T03:08:06-07:00;NA;NA;18432;124;HZTPOX
images;IHBIUX;2016-07-05T05:08:10-05:00;0;nightlyforest;6596;135;IHBIUX
default;SLLJUA;2016-07-05T05:08:26-05:00;NA;NA;8032;126;SLLJUA
default;IKRPHP;2016-07-05T05:08:21-05:00;NA;NA;2884;99;IKRPHP
images;IHBIUX;2016-07-05T05:08:39-05:00;NA;NA;36089;135;IHBIUX
images;DKPOBV;2016-07-05T06:09:10-04:00;4;mountain;6324;131;DKPOBV
images;DKPOBV;2016-07-05T06:09:14-04:00;NA;NA;10521;131;DKPOBV
default;JYOXRB;2016-07-05T15:39:19+05:30;NA;NA;5134;101;JYOXRB
images;MRYSWB;2016-07-05T05:09:31-05:00;9;nightlyforest;2957;134;MRYSWB
images;MRYSWB;2016-07-05T05:09:34-05:00;NA;NA;5652;134;MRYSWB
default;ZQFMRZ;2016-07-05T03:09:37-07:00;NA;NA;5125;127;ZQFMRZ
default;SLLJUA;2016-07-05T05:10:56-05:00;NA;NA;2192;126;SLLJUA
images;QKWZVE;2016-07-05T05:11:01-05:00;3;frozenlake;4835;132;QKWZVE
images;QKWZVE;2016-07-05T05:11:06-05:00;NA;NA;9652;132;QKWZVE
images;DKPOBV;2016-07-05T06:11:17-04:00;8;nightlyforest;7163;131;DKPOBV
images;DKPOBV;2016-07-05T06:11:20-04:00;NA;NA;9739;131;DKPOBV
default;IIBMKM;2016-07-05T06:12:29-04:00;NA;NA;5551;121;IIBMKM
images;IHBIUX;2016-07-05T05:12:34-05:00;4;wave;11965;135;IHBIUX
images;LSRKCR;2016-07-05T06:12:37-04:00;7;hilltrail;8812;130;LSRKCR
images;IHBIUX;2016-07-05T05:12:41-05:00;NA;NA;18979;135;IHBIUX
images;LSRKCR;2016-07-05T06:12:58-04:00;NA;NA;29526;130;LSRKCR
images;GYDEKW;2016-07-05T05:13:03-05:00;9;waterfalls;12073;128;GYDEKW
images;GYDEKW;2016-07-05T05:14:02-05:00;NA;NA;71118;128;GYDEKW
images;QKWZVE;2016-07-05T05:14:41-05:00;2;mountaincloud;4107;132;QKWZVE
default;ZQFMRZ;2016-07-05T03:14:24-07:00;NA;NA;5444;127;ZQFMRZ
images;QKWZVE;2016-07-05T05:14:45-05:00;NA;NA;8155;132;QKWZVE
calculations;YOMJWI;2016-07-05T02:14:55-08:00;7;9 - 2 = ?;4756;138;YOMJWI
calculations;YOMJWI;2016-07-05T02:15:24-08:00;NA;NA;33938;138;YOMJWI
images;IHBIUX;2016-07-05T05:16:32-05:00;4;hilltrail;3842;135;IHBIUX
images;IHBIUX;2016-07-05T05:16:35-05:00;NA;NA;6188;135;IHBIUX
calculations;SVXAQY;2016-07-05T17:19:39+07:00;3;2 + 1 = ?;4167;141;SVXAQY
calculations;SVXAQY;2016-07-05T17:19:45+07:00;NA;NA;10377;141;SVXAQY
calculations;YOMJWI;2016-07-05T02:20:18-08:00;8;4 + 4 = ?;5974;138;YOMJWI
calculations;TPWJEW;2016-07-05T06:20:44-04:00;8;4 + 4 = ?;10644;136;TPWJEW
images;GYDEKW;2016-07-05T05:20:50-05:00;0;nightlyforest;7473;128;GYDEKW
images;GYDEKW;2016-07-05T05:21:07-05:00;NA;NA;24912;128;GYDEKW
calculations;YOMJWI;2016-07-05T02:21:17-08:00;NA;NA;64471;138;YOMJWI
default;IIBMKM;2016-07-05T06:22:05-04:00;NA;NA;1554;121;IIBMKM
calculations;TPWJEW;2016-07-05T06:22:10-04:00;NA;NA;96245;136;TPWJEW
calculations;SVXAQY;2016-07-05T17:22:34+07:00;8;4 + 4 = ?;1928;141;SVXAQY
calculations;SVXAQY;2016-07-05T17:22:36+07:00;NA;NA;3440;141;SVXAQY
images;LSRKCR;2016-07-05T06:22:57-04:00;0;nightlyforest;5308;130;LSRKCR
images;LSRKCR;2016-07-05T06:24:18-04:00;NA;NA;86374;130;LSRKCR
calculations;SVXAQY;2016-07-05T17:24:39+07:00;2;3 - 1 = ?;2544;141;SVXAQY
calculations;SVXAQY;2016-07-05T17:24:40+07:00;NA;NA;3880;141;SVXAQY
calculations;LUTTQW;2016-07-05T06:25:08-04:00;8;3 + 5 = ?;8895;139;LUTTQW
calculations;LUTTQW;2016-07-05T06:25:11-04:00;NA;NA;12261;139;LUTTQW
calculations;QKAHZX;2016-07-05T06:25:16-04:00;1;9 - 2 = ?;6467;143;QKAHZX
default;IITHNK;2016-07-05T11:26:09+01:00;NA;NA;8237;149;IITHNK
calculations;YOMJWI;2016-07-05T02:25:45-08:00;2;3 - 1 = ?;1884;138;YOMJWI
calculations;YOMJWI;2016-07-05T02:25:55-08:00;NA;NA;11069;138;YOMJWI
calculations;QKAHZX;2016-07-05T06:26:03-04:00;NA;NA;53829;143;QKAHZX
images;GYDEKW;2016-07-05T05:26:33-05:00;4;hilltrail;9854;128;GYDEKW
images;GYDEKW;2016-07-05T05:26:35-05:00;NA;NA;12132;128;GYDEKW
calculations;XAFJAH;2016-07-05T05:26:56-05:00;8;3 + 5 = ?;4004;142;XAFJAH
calculations;LUTTQW;2016-07-05T06:27:19-04:00;3;2 + 1 = ?;3159;139;LUTTQW
calculations;LUTTQW;2016-07-05T06:27:22-04:00;NA;NA;5727;139;LUTTQW
calculations;XAFJAH;2016-07-05T05:27:38-05:00;NA;NA;46798;142;XAFJAH
default;IITHNK;2016-07-05T11:28:10+01:00;NA;NA;7491;149;IITHNK
default;BABSBC;2016-07-05T06:28:20-04:00;NA;NA;10640;148;BABSBC
default;IITHNK;2016-07-05T11:29:39+01:00;NA;NA;2243;149;IITHNK
calculations;QKAHZX;2016-07-05T06:29:40-04:00;8;3 + 5 = ?;9331;143;QKAHZX
images;XRURAU;2016-07-05T05:29:46-05:00;9;mountain;9978;155;XRURAU
images;XRURAU;2016-07-05T05:29:50-05:00;NA;NA;14512;155;XRURAU
calculations;LUTTQW;2016-07-05T06:30:01-04:00;3;8 - 5 = ?;2607;139;LUTTQW
calculations;LUTTQW;2016-07-05T06:30:03-04:00;NA;NA;4540;139;LUTTQW
calculations;QKAHZX;2016-07-05T06:30:36-04:00;NA;NA;65605;143;QKAHZX
images;EMBMUO;2016-07-05T06:31:16-04:00;5;frozenlake;13652;152;EMBMUO
default;BABSBC;2016-07-05T06:31:27-04:00;NA;NA;2264;148;BABSBC
images;EMBMUO;2016-07-05T06:31:21-04:00;NA;NA;18606;152;EMBMUO
images;EMBMUO;2016-07-05T06:32:38-04:00;8;mountaincloud;2944;152;EMBMUO
images;EMBMUO;2016-07-05T06:32:41-04:00;NA;NA;6245;152;EMBMUO
calculations;XAFJAH;2016-07-05T05:32:43-05:00;3;2 + 1 = ?;2294;142;XAFJAH
images;XRURAU;2016-07-05T05:32:51-05:00;9;waterfalls;2284;155;XRURAU
calculations;XAFJAH;2016-07-05T05:32:45-05:00;NA;NA;4605;142;XAFJAH
images;XRURAU;2016-07-05T05:32:54-05:00;NA;NA;5555;155;XRURAU
images;EMBMUO;2016-07-05T06:34:13-04:00;8;waterfalls;3994;152;EMBMUO
images;EMBMUO;2016-07-05T06:34:16-04:00;NA;NA;6489;152;EMBMUO
images;XRURAU;2016-07-05T05:35:00-05:00;9;wave;1616;155;XRURAU
calculations;QKAHZX;2016-07-05T06:35:04-04:00;2;3 - 1 = ?;9596;143;QKAHZX
calculations;QKAHZX;2016-07-05T06:35:45-04:00;NA;NA;50714;143;QKAHZX
default;BABSBC;2016-07-05T06:35:57-04:00;NA;NA;2267;148;BABSBC
images;XRURAU;2016-07-05T05:34:49-05:00;NA;NA;-9372;155;XRURAU
calculations;BMEPPF;2016-07-05T06:36:11-04:00;8;8 - 5 = ?;123;164;BMEPPF
calculations;BMEPPF;2016-07-05T06:36:32-04:00;NA;NA;21166;164;BMEPPF
calculations;XAFJAH;2016-07-05T05:36:32-05:00;7;9 - 2 = ?;2218;142;XAFJAH
calculations;XAFJAH;2016-07-05T05:36:34-05:00;NA;NA;3766;142;XAFJAH
calculations;PWHNDI;2016-07-05T06:38:35-04:00;2;3 - 1 = ?;4856;140;PWHNDI
calculations;PWHNDI;2016-07-05T06:38:41-04:00;NA;NA;10895;140;PWHNDI
calculations;BMEPPF;2016-07-05T06:39:15-04:00;8;3 + 5 = ?;6534;164;BMEPPF
calculations;BMEPPF;2016-07-05T06:39:20-04:00;NA;NA;11942;164;BMEPPF
images;WPNNCK;2016-07-05T06:39:36-04:00;5;wave;8259;159;WPNNCK
images;WPNNCK;2016-07-05T06:39:41-04:00;NA;NA;13797;159;WPNNCK
calculations;BMEPPF;2016-07-05T06:40:34-04:00;2;3 - 1 = ?;5238;164;BMEPPF
calculations;BMEPPF;2016-07-05T06:40:41-04:00;NA;NA;12684;164;BMEPPF
images;WPNNCK;2016-07-05T06:43:42-04:00;8;mountaincloud;4000;159;WPNNCK
images;WPNNCK;2016-07-05T06:43:44-04:00;NA;NA;6265;159;WPNNCK
calculations;TPWJEW;2016-07-05T06:43:39-04:00;8;3 + 5 = ?;6720;136;TPWJEW
images;VPVQXK;2016-07-05T06:44:09-04:00;9;mountain;10056;158;VPVQXK
calculations;PWHNDI;2016-07-05T06:44:09-04:00;3;8 - 5 = ?;2087;140;PWHNDI
calculations;PWHNDI;2016-07-05T06:44:11-04:00;NA;NA;3967;140;PWHNDI
images;VPVQXK;2016-07-05T06:44:26-04:00;NA;NA;27295;158;VPVQXK
calculations;TPWJEW;2016-07-05T06:44:39-04:00;NA;NA;66716;136;TPWJEW
default;INEBLR;2016-07-05T06:46:03-04:00;NA;NA;232;171;INEBLR
calculations;KOZHPC;2016-07-05T05:47:15-05:00;3;2 + 1 = ?;2709;167;KOZHPC
calculations;KOZHPC;2016-07-05T05:47:27-05:00;NA;NA;15143;167;KOZHPC
images;WPNNCK;2016-07-05T06:48:52-04:00;0;nightlyforest;3800;159;WPNNCK
images;WPNNCK;2016-07-05T06:48:53-04:00;NA;NA;5312;159;WPNNCK
calculations;TPWJEW;2016-07-05T06:50:14-04:00;3;8 - 5 = ?;8795;136;TPWJEW
default;FLGEMX;2016-07-05T06:50:29-04:00;NA;NA;4587;170;FLGEMX
default;XCBWDK;2016-07-05T06:50:22-04:00;NA;NA;29418;169;XCBWDK
calculations;TPWJEW;2016-07-05T06:50:26-04:00;NA;NA;20752;136;TPWJEW
default;BZPRKK;2016-07-05T06:52:15-04:00;NA;NA;19826;174;BZPRKK
images;VPVQXK;2016-07-05T06:52:36-04:00;4;hilltrail;16015;158;VPVQXK
images;VPVQXK;2016-07-05T06:52:39-04:00;NA;NA;19535;158;VPVQXK
calculations;KOZHPC;2016-07-05T05:53:27-05:00;2;3 - 1 = ?;2613;167;KOZHPC
calculations;KOZHPC;2016-07-05T05:53:30-05:00;NA;NA;6275;167;KOZHPC
images;RKVMFG;2016-07-05T06:54:01-04:00;9;mountain;14864;176;RKVMFG
images;RKVMFG;2016-07-05T06:54:15-04:00;NA;NA;29051;176;RKVMFG
default;FLGEMX;2016-07-05T06:55:01-04:00;NA;NA;6047;170;FLGEMX
default;BZPRKK;2016-07-05T06:55:33-04:00;NA;NA;5551;174;BZPRKK
calculations;PWHNDI;2016-07-05T06:55:41-04:00;8;4 + 4 = ?;1810;140;PWHNDI
calculations;PWHNDI;2016-07-05T06:55:43-04:00;NA;NA;3873;140;PWHNDI
images;SZAYRH;2016-07-05T06:56:10-04:00;9;wave;4944;177;SZAYRH
calculations;KOZHPC;2016-07-05T05:57:48-05:00;3;8 - 5 = ?;2459;167;KOZHPC
calculations;KOZHPC;2016-07-05T05:57:54-05:00;NA;NA;8495;167;KOZHPC
default;FLGEMX;2016-07-05T06:58:35-04:00;NA;NA;1622;170;FLGEMX
default;XCBWDK;2016-07-05T06:58:41-04:00;NA;NA;41207;169;XCBWDK
images;VPVQXK;2016-07-05T06:58:56-04:00;8;frozenlake;6101;158;VPVQXK
images;VPVQXK;2016-07-05T06:58:59-04:00;NA;NA;8356;158;VPVQXK
images;SZAYRH;2016-07-05T06:59:37-04:00;NA;NA;212355;177;SZAYRH
images;RKVMFG;2016-07-05T06:59:42-04:00;8;waterfalls;6078;176;RKVMFG
images;RKVMFG;2016-07-05T06:59:53-04:00;NA;NA;17212;176;RKVMFG
default;BZPRKK;2016-07-05T07:00:59-04:00;NA;NA;4814;174;BZPRKK
images;SZAYRH;2016-07-05T07:02:32-04:00;8;hilltrail;15455;177;SZAYRH
images;RKVMFG;2016-07-05T07:02:56-04:00;9;frozenlake;4318;176;RKVMFG
images;LWEGOF;2016-07-05T14:03:15+03:00;7;waterfalls;11645;178;LWEGOF
images;RKVMFG;2016-07-05T07:03:29-04:00;NA;NA;37320;176;RKVMFG
images;LWEGOF;2016-07-05T14:03:29+03:00;NA;NA;25169;178;LWEGOF
images;RLTMKE;2016-07-05T07:03:40-04:00;8;mountaincloud;17946;181;RLTMKE
calculations;LFJNIK;2016-07-05T05:03:43-06:00;8;4 + 4 = ?;4227;186;LFJNIK
calculations;LFJNIK;2016-07-05T05:03:47-06:00;NA;NA;7939;186;LFJNIK
images;RLTMKE;2016-07-05T07:03:58-04:00;NA;NA;35885;181;RLTMKE
images;FMZJTZ;2016-07-05T16:04:27+05:00;0;mountain;56818;156;FMZJTZ
images;SZAYRH;2016-07-05T07:04:45-04:00;NA;NA;148323;177;SZAYRH
images;FMZJTZ;2016-07-05T16:04:59+05:00;NA;NA;88685;156;FMZJTZ
calculations;JGXEXS;2016-07-05T07:05:23-04:00;7;9 - 2 = ?;10179;187;JGXEXS
default;XCBWDK;2016-07-05T07:05:20-04:00;NA;NA;27997;169;XCBWDK
calculations;JGXEXS;2016-07-05T07:05:28-04:00;NA;NA;14866;187;JGXEXS
images;LWEGOF;2016-07-05T14:06:19+03:00;8;nightlyforest;4475;178;LWEGOF
calculations;RIWQNE;2016-07-05T07:06:27-04:00;3;2 + 1 = ?;4674;185;RIWQNE
images;LWEGOF;2016-07-05T14:06:25+03:00;NA;NA;9659;178;LWEGOF
calculations;RIWQNE;2016-07-05T07:08:26-04:00;NA;NA;123619;185;RIWQNE
images;RLTMKE;2016-07-05T07:08:38-04:00;9;nightlyforest;5042;181;RLTMKE
images;RLTMKE;2016-07-05T07:08:48-04:00;NA;NA;15079;181;RLTMKE
default;IQHHAY;2016-07-05T07:08:39-04:00;NA;NA;4039;194;IQHHAY
calculations;LFJNIK;2016-07-05T05:09:10-06:00;7;9 - 2 = ?;2842;186;LFJNIK
calculations;LFJNIK;2016-07-05T05:09:12-06:00;NA;NA;5466;186;LFJNIK
calculations;JGXEXS;2016-07-05T07:09:13-04:00;3;8 - 5 = ?;4734;187;JGXEXS
calculations;JGXEXS;2016-07-05T07:09:15-04:00;NA;NA;7292;187;JGXEXS
calculations;YNNIVS;2016-07-05T07:10:07-04:00;2;3 - 1 = ?;4626;191;YNNIVS
calculations;YNNIVS;2016-07-05T07:10:17-04:00;NA;NA;15047;191;YNNIVS
default;SPLZWN;2016-07-05T06:10:00-05:00;NA;NA;9690;197;SPLZWN
images;LWEGOF;2016-07-05T14:10:31+03:00;9;mountain;7346;178;LWEGOF
calculations;JGXEXS;2016-07-05T07:10:33-04:00;2;3 - 1 = ?;3429;187;JGXEXS
calculations;YNNIVS;2016-07-05T07:11:11-04:00;8;3 + 5 = ?;2793;191;YNNIVS
calculations;JGXEXS;2016-07-05T07:10:35-04:00;NA;NA;5381;187;JGXEXS
images;LWEGOF;2016-07-05T14:10:33+03:00;NA;NA;9770;178;LWEGOF
calculations;YNNIVS;2016-07-05T07:11:14-04:00;NA;NA;5495;191;YNNIVS
calculations;YNNIVS;2016-07-05T07:12:08-04:00;3;8 - 5 = ?;2217;191;YNNIVS
calculations;YNNIVS;2016-07-05T07:12:12-04:00;NA;NA;6439;191;YNNIVS
default;SPLZWN;2016-07-05T06:12:31-05:00;NA;NA;3411;197;SPLZWN
images;SZAYRH;2016-07-05T07:12:57-04:00;9;mountaincloud;37579;177;SZAYRH
images;SZAYRH;2016-07-05T07:12:59-04:00;NA;NA;39780;177;SZAYRH
default;AENXHD;2016-07-05T07:13:31-04:00;NA;NA;14904;199;AENXHD
default;IQHHAY;2016-07-05T07:13:19-04:00;NA;NA;12767;194;IQHHAY
calculations;RIWQNE;2016-07-05T07:13:42-04:00;7;9 - 2 = ?;3195;185;RIWQNE
calculations;RIWQNE;2016-07-05T07:13:45-04:00;NA;NA;5985;185;RIWQNE
calculations;LFJNIK;2016-07-05T05:14:12-06:00;3;8 - 5 = ?;4435;186;LFJNIK
calculations;LFJNIK;2016-07-05T05:14:14-06:00;NA;NA;6418;186;LFJNIK
default;TRNTKP;2016-07-05T04:14:54-07:00;NA;NA;6149;195;TRNTKP
default;VDVRAB;2016-07-05T07:15:05-04:00;NA;NA;6416;196;VDVRAB
default;SPLZWN;2016-07-05T06:15:04-05:00;NA;NA;2588;197;SPLZWN
images;RLTMKE;2016-07-05T07:15:29-04:00;3;hilltrail;6311;181;RLTMKE
images;WXBNDE;2016-07-05T12:15:31+01:00;9;mountain;16245;200;WXBNDE
images;RLTMKE;2016-07-05T07:15:36-04:00;NA;NA;13202;181;RLTMKE
images;WXBNDE;2016-07-05T12:15:34+01:00;NA;NA;19410;200;WXBNDE
default;IQHHAY;2016-07-05T07:15:41-04:00;NA;NA;3889;194;IQHHAY
default;LLURZV;2016-07-05T05:16:08-06:00;NA;NA;9747;192;LLURZV
images;QSIJMJ;2016-07-05T07:17:30-04:00;7;hilltrail;15078;203;QSIJMJ
images;QSIJMJ;2016-07-05T07:17:35-04:00;NA;NA;20279;203;QSIJMJ
default;VDVRAB;2016-07-05T07:18:24-04:00;NA;NA;20342;196;VDVRAB
default;AENXHD;2016-07-05T07:18:41-04:00;NA;NA;5949;199;AENXHD
calculations;RIWQNE;2016-07-05T07:19:56-04:00;3;8 - 5 = ?;2857;185;RIWQNE
calculations;SQDQLH;2016-07-05T04:19:58-07:00;4;3 - 1 = ?;6903;211;SQDQLH
calculations;RIWQNE;2016-07-05T07:19:59-04:00;NA;NA;5848;185;RIWQNE
calculations;SQDQLH;2016-07-05T04:20:02-07:00;NA;NA;10812;211;SQDQLH
images;QDBLQZ;2016-07-05T04:20:03-07:00;1;mountaincloud;9178;207;QDBLQZ
images;QDBLQZ;2016-07-05T04:20:10-07:00;NA;NA;15657;207;QDBLQZ
calculations;SQDQLH;2016-07-05T04:20:58-07:00;8;4 + 4 = ?;3076;211;SQDQLH
calculations;SQDQLH;2016-07-05T04:21:00-07:00;NA;NA;5455;211;SQDQLH
images;QDBLQZ;2016-07-05T04:21:53-07:00;7;nightlyforest;16550;207;QDBLQZ
images;QDBLQZ;2016-07-05T04:21:56-07:00;NA;NA;19956;207;QDBLQZ
images;WXBNDE;2016-07-05T12:22:07+01:00;8;frozenlake;12988;200;WXBNDE
images;WXBNDE;2016-07-05T12:22:14+01:00;NA;NA;19536;200;WXBNDE
default;LLURZV;2016-07-05T05:22:30-06:00;NA;NA;5032;192;LLURZV
default;TRNTKP;2016-07-05T04:22:32-07:00;NA;NA;39947;195;TRNTKP
calculations;SQDQLH;2016-07-05T04:23:25-07:00;3;8 - 5 = ?;3776;211;SQDQLH
calculations;SQDQLH;2016-07-05T04:23:28-07:00;NA;NA;6683;211;SQDQLH
calculations;FVTYJC;2016-07-05T06:24:18-05:00;7;9 - 2 = ?;3747;210;FVTYJC
calculations;FVTYJC;2016-07-05T06:24:23-05:00;NA;NA;9157;210;FVTYJC
images;QDBLQZ;2016-07-05T04:24:11-07:00;4;frozenlake;3114;207;QDBLQZ
default;AENXHD;2016-07-05T07:24:14-04:00;NA;NA;28355;199;AENXHD
default;VDVRAB;2016-07-05T07:24:22-04:00;NA;NA;4229;196;VDVRAB
images;QDBLQZ;2016-07-05T04:24:30-07:00;NA;NA;22593;207;QDBLQZ
calculations;NXXIDY;2016-07-05T07:25:14-04:00;2;3 - 1 = ?;3669;214;NXXIDY
default;LLURZV;2016-07-05T05:25:31-06:00;NA;NA;1640;192;LLURZV
calculations;NXXIDY;2016-07-05T07:25:44-04:00;NA;NA;34381;214;NXXIDY
calculations;QWZYGF;2016-07-05T07:26:45-04:00;7;9 - 2 = ?;27517;212;QWZYGF
default;SJCAPM;2016-07-05T07:26:46-04:00;NA;NA;16653;216;SJCAPM
calculations;QWZYGF;2016-07-05T07:27:14-04:00;NA;NA;56266;212;QWZYGF
images;QSIJMJ;2016-07-05T07:28:34-04:00;0;waterfalls;4201;203;QSIJMJ
images;QSIJMJ;2016-07-05T07:28:37-04:00;NA;NA;6616;203;QSIJMJ
default;TRNTKP;2016-07-05T04:29:16-07:00;NA;NA;5395;195;TRNTKP
default;ICVVRF;2016-07-05T07:29:34-04:00;NA;NA;131257;220;ICVVRF
calculations;FVTYJC;2016-07-05T06:29:57-05:00;2;3 - 1 = ?;3071;210;FVTYJC
calculations;FVTYJC;2016-07-05T06:30:06-05:00;NA;NA;11518;210;FVTYJC
default;SJCAPM;2016-07-05T07:29:56-04:00;NA;NA;5134;216;SJCAPM
calculations;NXXIDY;2016-07-05T07:30:08-04:00;3;2 + 1 = ?;3052;214;NXXIDY
default;GLBAWD;2016-07-05T07:29:22-04:00;NA;NA;50884;217;GLBAWD
images;WXBNDE;2016-07-05T12:31:04+01:00;0;wave;8878;200;WXBNDE
default;ICVVRF;2016-07-05T07:31:13-04:00;NA;NA;55340;220;ICVVRF
images;WXBNDE;2016-07-05T12:31:09+01:00;NA;NA;14097;200;WXBNDE
images;LGCSAB;2016-07-05T06:31:43-05:00;8;mountain;7730;229;LGCSAB
images;LGCSAB;2016-07-05T06:31:48-05:00;NA;NA;13117;229;LGCSAB
default;SJCAPM;2016-07-05T07:31:55-04:00;NA;NA;2220;216;SJCAPM
default;GLBAWD;2016-07-05T07:31:11-04:00;NA;NA;57648;217;GLBAWD
images;QSIJMJ;2016-07-05T07:32:27-04:00;9;nightlyforest;5232;203;QSIJMJ
images;QSIJMJ;2016-07-05T07:32:29-04:00;NA;NA;7048;203;QSIJMJ
calculations;PBWRQT;2016-07-05T07:33:09-04:00;2;3 - 1 = ?;5872;233;PBWRQT
default;ICVVRF;2016-07-05T07:32:57-04:00;NA;NA;50502;220;ICVVRF
calculations;QWZYGF;2016-07-05T07:33:05-04:00;3;2 + 1 = ?;9421;212;QWZYGF
calculations;QWZYGF;2016-07-05T07:33:13-04:00;NA;NA;17214;212;QWZYGF
calculations;FVTYJC;2016-07-05T06:34:02-05:00;8;3 + 5 = ?;3293;210;FVTYJC
images;LGCSAB;2016-07-05T06:33:45-05:00;5;mountaincloud;3469;229;LGCSAB
calculations;FVTYJC;2016-07-05T06:34:06-05:00;NA;NA;6839;210;FVTYJC
images;LGCSAB;2016-07-05T06:33:48-05:00;NA;NA;5825;229;LGCSAB
calculations;PBWRQT;2016-07-05T07:34:18-04:00;NA;NA;74748;233;PBWRQT
default;WANZEQ;2016-07-05T07:34:44-04:00;NA;NA;19469;219;WANZEQ
calculations;UIDHIL;2016-07-05T07:35:39-04:00;3;8 - 5 = ?;3392;236;UIDHIL
calculations;UIDHIL;2016-07-05T07:35:42-04:00;NA;NA;7220;236;UIDHIL
calculations;ECTXRJ;2016-07-05T09:58:13-06:00;3;2 + 1 = ?;1817;237;ECTXRJ
calculations;ECTXRJ;2016-07-05T09:58:29-06:00;NA;NA;17872;237;ECTXRJ
default;GLBAWD;2016-07-05T07:35:12-04:00;NA;NA;195253;217;GLBAWD
images;LGCSAB;2016-07-05T06:36:43-05:00;7;wave;5716;229;LGCSAB
images;LGCSAB;2016-07-05T06:36:45-05:00;NA;NA;7943;229;LGCSAB
calculations;QEDAQC;2016-07-05T07:37:07-04:00;8;4 + 4 = ?;7284;234;QEDAQC
calculations;QEDAQC;2016-07-05T07:37:29-04:00;NA;NA;28730;234;QEDAQC
default;KZZDMK;2016-07-05T07:38:09-04:00;NA;NA;20434;243;KZZDMK
calculations;NXXIDY;2016-07-05T07:38:27-04:00;NA;NA;502310;214;NXXIDY
calculations;PBWRQT;2016-07-05T07:38:54-04:00;8;4 + 4 = ?;2256;233;PBWRQT
calculations;PBWRQT;2016-07-05T07:39:06-04:00;NA;NA;14509;233;PBWRQT
default;KZZDMK;2016-07-05T07:39:10-04:00;NA;NA;6613;243;KZZDMK
images;AKQJTW;2016-07-05T12:39:20+01:00;8;nightlyforest;268;252;AKQJTW
images;AKQJTW;2016-07-05T12:39:25+01:00;NA;NA;5075;252;AKQJTW
default;KZZDMK;2016-07-05T07:40:15-04:00;NA;NA;4863;243;KZZDMK
images;NGCQPX;2016-07-05T07:39:04-04:00;2;wave;423;253;NGCQPX
images;PNUVQJ;2016-07-05T07:39:58-04:00;0;nightlyforest;8152;250;PNUVQJ
images;NGCQPX;2016-07-05T07:39:06-04:00;NA;NA;3103;253;NGCQPX
images;PNUVQJ;2016-07-05T07:40:01-04:00;NA;NA;11511;250;PNUVQJ
default;JOTCQK;2016-07-05T07:40:14-04:00;NA;NA;773;245;JOTCQK
calculations;ECTXRJ;2016-07-05T10:03:26-06:00;2;3 - 1 = ?;2660;237;ECTXRJ
images;AKQJTW;2016-07-05T12:40:59+01:00;3;mountain;169;252;AKQJTW
calculations;NXXIDY;2016-07-05T07:40:59-04:00;7;9 - 2 = ?;3264;214;NXXIDY
images;PNUVQJ;2016-07-05T07:41:02-04:00;0;mountaincloud;2208;250;PNUVQJ
images;PNUVQJ;2016-07-05T07:41:05-04:00;NA;NA;4743;250;PNUVQJ
images;AKQJTW;2016-07-05T12:41:05+01:00;NA;NA;6977;252;AKQJTW
default;JOTCQK;2016-07-05T07:41:11-04:00;NA;NA;9094;245;JOTCQK
calculations;ECTXRJ;2016-07-05T10:03:43-06:00;NA;NA;20222;237;ECTXRJ
calculations;UIDHIL;2016-07-05T07:41:28-04:00;2;3 - 1 = ?;4132;236;UIDHIL
calculations;UIDHIL;2016-07-05T07:41:46-04:00;NA;NA;22854;236;UIDHIL
images;NGCQPX;2016-07-05T07:40:52-04:00;0;frozenlake;30495;253;NGCQPX
images;PNUVQJ;2016-07-05T07:41:47-04:00;9;wave;807;250;PNUVQJ
images;PNUVQJ;2016-07-05T07:41:50-04:00;NA;NA;3336;250;PNUVQJ
images;NGCQPX;2016-07-05T07:41:03-04:00;NA;NA;41709;253;NGCQPX
calculations;PBWRQT;2016-07-05T07:42:26-04:00;8;3 + 5 = ?;5809;233;PBWRQT
images;IXSQBQ;2016-07-05T06:42:15-05:00;2;hilltrail;16975;230;IXSQBQ
default;WANZEQ;2016-07-05T07:42:17-04:00;NA;NA;3707;219;WANZEQ
images;AKQJTW;2016-07-05T12:42:17+01:00;3;frozenlake;460;252;AKQJTW
images;IXSQBQ;2016-07-05T06:42:26-05:00;NA;NA;28566;230;IXSQBQ
images;AKQJTW;2016-07-05T12:42:32+01:00;NA;NA;14862;252;AKQJTW
images;NGCQPX;2016-07-05T07:41:46-04:00;0;waterfalls;6223;253;NGCQPX
images;NGCQPX;2016-07-05T07:41:52-04:00;NA;NA;11455;253;NGCQPX
default;JOTCQK;2016-07-05T07:43:08-04:00;NA;NA;2279;245;JOTCQK
calculations;PBWRQT;2016-07-05T07:43:45-04:00;NA;NA;84887;233;PBWRQT
calculations;NXXIDY;2016-07-05T07:44:06-04:00;NA;NA;190015;214;NXXIDY
default;SDBUMP;2016-07-05T07:44:46-04:00;NA;NA;5132;242;SDBUMP
calculations;ECTXRJ;2016-07-05T10:13:32-06:00;3;8 - 5 = ?;3538;237;ECTXRJ
default;WMDDWE;2016-07-05T07:44:59-04:00;NA;NA;5002;246;WMDDWE
calculations;ECTXRJ;2016-07-05T10:13:43-06:00;NA;NA;14664;237;ECTXRJ
calculations;QEDAQC;2016-07-05T07:45:05-04:00;3;2 + 1 = ?;2506;234;QEDAQC
calculations;QEDAQC;2016-07-05T07:45:26-04:00;NA;NA;23529;234;QEDAQC
images;APWGIL;2016-07-05T07:46:10-04:00;0;mountain;9367;254;APWGIL
images;APWGIL;2016-07-05T07:46:16-04:00;NA;NA;15429;254;APWGIL
calculations;STKDFG;2016-07-05T06:47:36-05:00;2;3 - 1 = ?;11955;257;STKDFG
calculations;UIDHIL;2016-07-05T07:48:16-04:00;8;4 + 4 = ?;2078;236;UIDHIL
calculations;UIDHIL;2016-07-05T07:48:19-04:00;NA;NA;4927;236;UIDHIL
images;APWGIL;2016-07-05T07:48:57-04:00;0;waterfalls;12486;254;APWGIL
images;APWGIL;2016-07-05T07:48:59-04:00;NA;NA;14568;254;APWGIL
default;SDBUMP;2016-07-05T07:49:41-04:00;NA;NA;1211;242;SDBUMP
images;XTUAPR;2016-07-05T07:49:44-04:00;5;frozenlake;12989;255;XTUAPR
default;WMDDWE;2016-07-05T07:49:52-04:00;NA;NA;4569;246;WMDDWE
images;XTUAPR;2016-07-05T07:49:56-04:00;NA;NA;24536;255;XTUAPR
images;ELDKGP;2016-07-05T07:50:06-04:00;0;wave;5302;274;ELDKGP
images;ELDKGP;2016-07-05T07:50:16-04:00;NA;NA;14914;274;ELDKGP
default;FLCVRO;2016-07-05T06:50:22-05:00;NA;NA;6226;265;FLCVRO
images;HQDOMV;2016-07-05T06:51:16-05:00;4;hilltrail;10118;278;HQDOMV
images;HQDOMV;2016-07-05T06:51:22-05:00;NA;NA;15925;278;HQDOMV
calculations;QEDAQC;2016-07-05T07:51:31-04:00;8;3 + 5 = ?;2213;234;QEDAQC
images;ELDKGP;2016-07-05T07:51:41-04:00;5;hilltrail;3781;274;ELDKGP
images;ELDKGP;2016-07-05T07:51:44-04:00;NA;NA;7140;274;ELDKGP
images;IXSQBQ;2016-07-05T06:51:58-05:00;3;wave;8550;230;IXSQBQ
images;IXSQBQ;2016-07-05T06:52:00-05:00;NA;NA;10608;230;IXSQBQ
images;NGGOKT;2016-07-05T07:52:22-04:00;0;frozenlake;10764;248;NGGOKT
images;APWGIL;2016-07-05T07:52:01-04:00;0;frozenlake;5237;254;APWGIL
images;APWGIL;2016-07-05T07:52:03-04:00;NA;NA;7878;254;APWGIL
images;NGGOKT;2016-07-05T07:52:29-04:00;NA;NA;18441;248;NGGOKT
images;HQDOMV;2016-07-05T06:52:38-05:00;8;frozenlake;3359;278;HQDOMV
images;HQDOMV;2016-07-05T06:52:43-05:00;NA;NA;7854;278;HQDOMV
images;ELDKGP;2016-07-05T07:52:50-04:00;3;waterfalls;3795;274;ELDKGP
images;ELDKGP;2016-07-05T07:52:52-04:00;NA;NA;5778;274;ELDKGP
images;JDTDOT;2016-07-05T07:53:05-05:00;9;frozenlake;6777;277;JDTDOT
images;JDTDOT;2016-07-05T07:53:11-05:00;NA;NA;13402;277;JDTDOT
default;WMDDWE;2016-07-05T07:54:15-04:00;NA;NA;1610;246;WMDDWE
images;HQDOMV;2016-07-05T06:54:18-05:00;7;mountaincloud;2931;278;HQDOMV
images;HQDOMV;2016-07-05T06:54:23-05:00;NA;NA;8028;278;HQDOMV
images;FUGMIL;2016-07-05T07:54:33-04:00;3;hilltrail;14435;276;FUGMIL
default;SDBUMP;2016-07-05T07:54:35-04:00;NA;NA;1889;242;SDBUMP
images;FUGMIL;2016-07-05T07:54:42-04:00;NA;NA;22910;276;FUGMIL
default;FLCVRO;2016-07-05T06:54:54-05:00;NA;NA;1228;265;FLCVRO
calculations;LIQHYB;2016-07-05T06:55:30-05:00;2;3 - 1 = ?;5443;287;LIQHYB
calculations;LIQHYB;2016-07-05T06:55:33-05:00;NA;NA;8314;287;LIQHYB
calculations;KDQGVQ;2016-07-05T06:55:43-05:00;8;3 + 5 = ?;4389;259;KDQGVQ
default;LJZYWV;2016-07-05T07:56:15-04:00;NA;NA;19632;271;LJZYWV
calculations;KDQGVQ;2016-07-05T06:56:37-05:00;NA;NA;58274;259;KDQGVQ
calculations;LIQHYB;2016-07-05T06:56:55-05:00;8;4 + 4 = ?;1808;287;LIQHYB
calculations;LIQHYB;2016-07-05T06:56:56-05:00;NA;NA;3279;287;LIQHYB
default;EMRLAR;2016-07-05T07:57:04-04:00;NA;NA;4404;268;EMRLAR
calculations;LIQHYB;2016-07-05T06:57:45-05:00;7;9 - 2 = ?;2362;287;LIQHYB
calculations;LIQHYB;2016-07-05T06:57:46-05:00;NA;NA;3386;287;LIQHYB
images;FUGMIL;2016-07-05T07:57:50-04:00;1;mountaincloud;3165;276;FUGMIL
images;SBTQRW;2016-07-05T06:57:49-05:00;4;hilltrail;16305;279;SBTQRW
images;FUGMIL;2016-07-05T07:57:59-04:00;NA;NA;12691;276;FUGMIL
images;SBTQRW;2016-07-05T06:58:08-05:00;NA;NA;35176;279;SBTQRW
images;JDTDOT;2016-07-05T07:58:16-05:00;0;waterfalls;2695;277;JDTDOT
images;JDTDOT;2016-07-05T07:58:18-05:00;NA;NA;4232;277;JDTDOT
images;TTZLKA;2016-07-05T06:59:10-05:00;0;nightlyforest;20223;272;TTZLKA
images;TTZLKA;2016-07-05T06:59:16-05:00;NA;NA;26034;272;TTZLKA
calculations;KDQGVQ;2016-07-05T06:59:55-05:00;2;3 - 1 = ?;2898;259;KDQGVQ
calculations;GOAMTM;2016-07-05T05:00:34-07:00;8;3 + 5 = ?;8225;307;GOAMTM
calculations;GOAMTM;2016-07-05T05:00:36-07:00;NA;NA;10520;307;GOAMTM
images;JDTDOT;2016-07-05T08:00:44-05:00;0;mountain;2132;277;JDTDOT
images;JDTDOT;2016-07-05T08:00:46-05:00;NA;NA;3944;277;JDTDOT
calculations;KDQGVQ;2016-07-05T07:01:00-05:00;NA;NA;67441;259;KDQGVQ
default;FLCVRO;2016-07-05T07:00:59-05:00;NA;NA;1123;265;FLCVRO
default;LJZYWV;2016-07-05T08:01:20-04:00;NA;NA;3176;271;LJZYWV
images;FUGMIL;2016-07-05T08:01:17-04:00;1;mountain;3293;276;FUGMIL
images;JJKGMR;2016-07-05T08:01:17-04:00;7;hilltrail;18221;296;JJKGMR
images;FUGMIL;2016-07-05T08:01:19-04:00;NA;NA;5513;276;FUGMIL
images;JJKGMR;2016-07-05T08:01:22-04:00;NA;NA;23626;296;JJKGMR
images;OGTZJV;2016-07-05T08:01:25-04:00;9;frozenlake;8415;300;OGTZJV
calculations;GOAMTM;2016-07-05T05:01:33-07:00;2;3 - 1 = ?;4247;307;GOAMTM
calculations;GOAMTM;2016-07-05T05:01:35-07:00;NA;NA;7151;307;GOAMTM
images;AYYXBG;2016-07-05T07:01:47-05:00;0;nightlyforest;6231;303;AYYXBG
images;IXSQBQ;2016-07-05T07:01:52-05:00;7;mountain;7867;230;IXSQBQ
images;IXSQBQ;2016-07-05T07:01:54-05:00;NA;NA;10328;230;IXSQBQ
images;OGTZJV;2016-07-05T08:01:57-04:00;NA;NA;40494;300;OGTZJV
images;JDTDOT;2016-07-05T08:01:52-05:00;0;hilltrail;2130;277;JDTDOT
images;JDTDOT;2016-07-05T08:01:54-05:00;NA;NA;4249;277;JDTDOT
images;AYYXBG;2016-07-05T07:02:13-05:00;NA;NA;31672;303;AYYXBG
images;SBTQRW;2016-07-05T07:02:26-05:00;7;waterfalls;16659;279;SBTQRW
calculations;GOAMTM;2016-07-05T05:02:39-07:00;8;4 + 4 = ?;3359;307;GOAMTM
images;SBTQRW;2016-07-05T07:02:39-05:00;NA;NA;29595;279;SBTQRW
calculations;GOAMTM;2016-07-05T05:02:40-07:00;NA;NA;5249;307;GOAMTM
calculations;KDQGVQ;2016-07-05T07:02:51-05:00;8;4 + 4 = ?;1870;259;KDQGVQ
default;OUCALY;2016-07-05T13:03:01+01:00;NA;NA;9503;288;OUCALY
calculations;TXSIBM;2016-07-05T08:04:04-04:00;3;8 - 5 = ?;9287;281;TXSIBM
default;LOSWCB;2016-07-05T08:04:36-04:00;NA;NA;3084;312;LOSWCB
images;AYYXBG;2016-07-05T07:04:48-05:00;0;mountain;4429;303;AYYXBG
images;AYYXBG;2016-07-05T07:04:50-05:00;NA;NA;6781;303;AYYXBG
calculations;TXSIBM;2016-07-05T08:04:48-04:00;NA;NA;53361;281;TXSIBM
default;LJZYWV;2016-07-05T08:05:11-04:00;NA;NA;2127;271;LJZYWV
default;EMRLAR;2016-07-05T08:05:02-04:00;NA;NA;11318;268;EMRLAR
calculations;KDQGVQ;2016-07-05T07:05:37-05:00;NA;NA;168339;259;KDQGVQ
images;SJRYZM;2016-07-05T08:06:38-04:00;8;waterfalls;5763;320;SJRYZM
images;OGTZJV;2016-07-05T08:07:10-04:00;8;mountaincloud;2787;300;OGTZJV
images;SBTQRW;2016-07-05T07:07:10-05:00;8;frozenlake;5639;279;SBTQRW
images;SBTQRW;2016-07-05T07:07:12-05:00;NA;NA;7748;279;SBTQRW
images;OGTZJV;2016-07-05T08:07:13-04:00;NA;NA;5971;300;OGTZJV
images;SJRYZM;2016-07-05T08:07:18-04:00;NA;NA;45365;320;SJRYZM
default;CKSWBO;2016-07-05T08:08:09-04:00;NA;NA;137075;317;CKSWBO
default;OUCALY;2016-07-05T13:08:44+01:00;NA;NA;35535;288;OUCALY
images;AYYXBG;2016-07-05T07:08:52-05:00;8;hilltrail;12869;303;AYYXBG
default;LOSWCB;2016-07-05T08:08:58-04:00;NA;NA;87099;312;LOSWCB
images;AYYXBG;2016-07-05T07:08:56-05:00;NA;NA;16100;303;AYYXBG
images;JJKGMR;2016-07-05T08:09:30-04:00;9;nightlyforest;5344;296;JJKGMR
default;EMRLAR;2016-07-05T08:09:42-04:00;NA;NA;2454;268;EMRLAR
images;OGTZJV;2016-07-05T08:09:56-04:00;8;nightlyforest;2874;300;OGTZJV
default;HZZXGF;2016-07-05T13:10:06+01:00;NA;NA;41871;318;HZZXGF
images;JJKGMR;2016-07-05T08:10:08-04:00;NA;NA;42762;296;JJKGMR
images;OGTZJV;2016-07-05T08:10:24-04:00;NA;NA;31065;300;OGTZJV
calculations;TXSIBM;2016-07-05T08:10:34-04:00;2;3 - 1 = ?;4231;281;TXSIBM
calculations;TXSIBM;2016-07-05T08:10:43-04:00;NA;NA;12381;281;TXSIBM
default;LOSWCB;2016-07-05T08:10:56-04:00;NA;NA;2072;312;LOSWCB
calculations;VJHWYK;2016-07-05T14:11:05+02:00;2;3 - 1 = ?;10771;311;VJHWYK
calculations;VJHWYK;2016-07-05T14:11:15+02:00;NA;NA;21053;311;VJHWYK
images;YUOZVB;2016-07-05T08:11:19-04:00;9;mountain;4494;326;YUOZVB
images;YUOZVB;2016-07-05T08:11:29-04:00;NA;NA;14934;326;YUOZVB
images;DDRTXD;2016-07-05T15:11:44+03:00;2;mountaincloud;27627;321;DDRTXD
images;SJRYZM;2016-07-05T08:11:47-04:00;1;frozenlake;6080;320;SJRYZM
images;DDRTXD;2016-07-05T15:11:58+03:00;NA;NA;41500;321;DDRTXD
images;SJRYZM;2016-07-05T08:12:31-04:00;NA;NA;49943;320;SJRYZM
default;OUCALY;2016-07-05T13:13:03+01:00;NA;NA;2377;288;OUCALY
calculations;ZOCJUQ;2016-07-05T08:13:26-04:00;2;3 - 1 = ?;5940;330;ZOCJUQ
default;WANZEQ;2016-07-05T08:13:44-04:00;NA;NA;3678;219;WANZEQ
calculations;MHBHRY;2016-07-05T07:14:24-05:00;8;4 + 4 = ?;5821;331;MHBHRY
images;RZVAGM;2016-07-05T07:14:09-05:00;3;wave;10271;324;RZVAGM
calculations;MHBHRY;2016-07-05T07:14:33-05:00;NA;NA;14494;331;MHBHRY
images;RZVAGM;2016-07-05T07:14:18-05:00;NA;NA;19362;324;RZVAGM
calculations;GQVPGX;2016-07-05T08:14:12-04:00;8;3 + 5 = ?;6652;329;GQVPGX
calculations;ZOCJUQ;2016-07-05T08:14:29-04:00;NA;NA;68637;330;ZOCJUQ
images;SJRYZM;2016-07-05T08:14:16-04:00;1;nightlyforest;5287;320;SJRYZM
images;SJRYZM;2016-07-05T08:14:18-04:00;NA;NA;7323;320;SJRYZM
calculations;GQVPGX;2016-07-05T08:14:21-04:00;NA;NA;15698;329;GQVPGX
default;JYHGRH;2016-07-05T08:14:30-04:00;NA;NA;12660;338;JYHGRH
default;HZZXGF;2016-07-05T13:15:33+01:00;NA;NA;160565;318;HZZXGF
images;TTOIVF;2016-07-05T08:15:32-04:00;4;hilltrail;16565;325;TTOIVF
default;PPCBZD;2016-07-05T08:15:44-04:00;NA;NA;61251;340;PPCBZD
images;TTOIVF;2016-07-05T08:16:39-04:00;NA;NA;83460;325;TTOIVF
calculations;TXSIBM;2016-07-05T08:16:30-04:00;3;2 + 1 = ?;4665;281;TXSIBM
images;YUOZVB;2016-07-05T08:16:38-04:00;7;frozenlake;4648;326;YUOZVB
images;TTZLKA;2016-07-05T07:16:42-05:00;4;hilltrail;8251;272;TTZLKA
calculations;TXSIBM;2016-07-05T08:16:34-04:00;NA;NA;8576;281;TXSIBM
images;TTZLKA;2016-07-05T07:16:46-05:00;NA;NA;12826;272;TTZLKA
default;PPCBZD;2016-07-05T08:16:59-04:00;NA;NA;1553;340;PPCBZD
default;QIDLZO;2016-07-05T08:16:55-04:00;NA;NA;6951;343;QIDLZO
images;YUOZVB;2016-07-05T08:16:55-04:00;NA;NA;21974;326;YUOZVB
calculations;GQVPGX;2016-07-05T08:17:43-04:00;3;2 + 1 = ?;3961;329;GQVPGX
calculations;MHBHRY;2016-07-05T07:18:15-05:00;8;3 + 5 = ?;6447;331;MHBHRY
calculations;GQVPGX;2016-07-05T08:17:50-04:00;NA;NA;10793;329;GQVPGX
default;EVXJHL;2016-07-05T08:17:58-04:00;NA;NA;4983;341;EVXJHL
default;HZZXGF;2016-07-05T13:18:17+01:00;NA;NA;4375;318;HZZXGF
images;RZVAGM;2016-07-05T07:18:37-05:00;7;mountaincloud;4815;324;RZVAGM
images;RZVAGM;2016-07-05T07:18:39-05:00;NA;NA;7284;324;RZVAGM
calculations;MHBHRY;2016-07-05T07:19:04-05:00;NA;NA;55052;331;MHBHRY
default;JYHGRH;2016-07-05T08:18:42-04:00;NA;NA;7243;338;JYHGRH
calculations;ZOCJUQ;2016-07-05T08:19:14-04:00;8;4 + 4 = ?;1828;330;ZOCJUQ
calculations;ZOCJUQ;2016-07-05T08:19:31-04:00;NA;NA;18065;330;ZOCJUQ
calculations;VJHWYK;2016-07-05T14:19:19+02:00;3;8 - 5 = ?;5005;311;VJHWYK
calculations;ROPYFX;2016-07-05T08:19:22-04:00;3;8 - 5 = ?;5350;333;ROPYFX
calculations;VJHWYK;2016-07-05T14:19:25+02:00;NA;NA;11068;311;VJHWYK
default;PPCBZD;2016-07-05T08:20:05-04:00;NA;NA;128303;340;PPCBZD
calculations;ROPYFX;2016-07-05T08:19:53-04:00;NA;NA;37251;333;ROPYFX
images;TTZLKA;2016-07-05T07:20:36-05:00;0;frozenlake;3655;272;TTZLKA
images;TTZLKA;2016-07-05T07:20:39-05:00;NA;NA;6362;272;TTZLKA
images;YUOZVB;2016-07-05T08:20:51-04:00;3;wave;3208;326;YUOZVB
images;YUOZVB;2016-07-05T08:20:53-04:00;NA;NA;5280;326;YUOZVB
default;QIDLZO;2016-07-05T08:20:54-04:00;NA;NA;13699;343;QIDLZO
images;HIDSHR;2016-07-05T08:21:19-04:00;8;waterfalls;9399;349;HIDSHR
images;TTOIVF;2016-07-05T08:21:25-04:00;8;mountain;4162;325;TTOIVF
images;PJANJA;2016-07-05T08:21:24-04:00;7;mountaincloud;5938;348;PJANJA
images;TTOIVF;2016-07-05T08:21:27-04:00;NA;NA;5786;325;TTOIVF
calculations;MHBHRY;2016-07-05T07:22:01-05:00;7;9 - 2 = ?;4015;331;MHBHRY
calculations;GQVPGX;2016-07-05T08:21:36-04:00;3;8 - 5 = ?;2204;329;GQVPGX
images;PJANJA;2016-07-05T08:21:37-04:00;NA;NA;18885;348;PJANJA
calculations;GQVPGX;2016-07-05T08:21:40-04:00;NA;NA;5852;329;GQVPGX
calculations;MHBHRY;2016-07-05T07:22:10-05:00;NA;NA;13116;331;MHBHRY
default;JYHGRH;2016-07-05T08:21:35-04:00;NA;NA;29654;338;JYHGRH
images;RZVAGM;2016-07-05T07:22:05-05:00;5;hilltrail;6774;324;RZVAGM
images;RZVAGM;2016-07-05T07:22:10-05:00;NA;NA;11909;324;RZVAGM
images;HIDSHR;2016-07-05T08:21:58-04:00;NA;NA;49172;349;HIDSHR
calculations;JBHTQK;2016-07-05T08:22:05-04:00;7;9 - 2 = ?;5543;352;JBHTQK
default;EVXJHL;2016-07-05T08:22:02-04:00;NA;NA;1930;341;EVXJHL
default;WXWCJZ;2016-07-05T08:22:11-04:00;NA;NA;14170;339;WXWCJZ
calculations;VQMSLO;2016-07-05T08:22:45-04:00;8;3 + 5 = ?;5041;358;VQMSLO
calculations;XVXBPB;2016-07-05T08:22:45-04:00;2;3 - 1 = ?;2523;356;XVXBPB
calculations;XVXBPB;2016-07-05T08:22:47-04:00;NA;NA;4162;356;XVXBPB
calculations;VQMSLO;2016-07-05T08:22:55-04:00;NA;NA;15014;358;VQMSLO
calculations;RBMPFK;2016-07-05T08:23:22-04:00;8;4 + 4 = ?;2315;359;RBMPFK
calculations;ZOCJUQ;2016-07-05T08:23:40-04:00;3;8 - 5 = ?;2197;330;ZOCJUQ
calculations;JBHTQK;2016-07-05T08:23:34-04:00;NA;NA;95124;352;JBHTQK
default;QIDLZO;2016-07-05T08:23:37-04:00;NA;NA;1734;343;QIDLZO
calculations;ZOCJUQ;2016-07-05T08:24:01-04:00;NA;NA;22385;330;ZOCJUQ
calculations;QEDAQC;2016-07-05T08:23:51-04:00;NA;NA;1942584;234;QEDAQC
calculations;QOWEKP;2016-07-05T15:23:51+03:00;7;9 - 2 = ?;13320;306;QOWEKP
calculations;TXTFLX;2016-07-05T08:23:54-04:00;3;8 - 5 = ?;6119;357;TXTFLX
calculations;TXTFLX;2016-07-05T08:23:58-04:00;NA;NA;10544;357;TXTFLX
default;OPRVJN;2016-07-05T08:24:20-04:00;NA;NA;6059;337;OPRVJN
calculations;QOWEKP;2016-07-05T15:24:32+03:00;NA;NA;54289;306;QOWEKP
default;WXWCJZ;2016-07-05T08:24:55-04:00;NA;NA;4602;339;WXWCJZ
calculations;RBMPFK;2016-07-05T08:25:03-04:00;NA;NA;102729;359;RBMPFK
default;EVXJHL;2016-07-05T08:25:37-04:00;NA;NA;55289;341;EVXJHL
calculations;PQPLWC;2016-07-05T08:26:02-04:00;8;3 + 5 = ?;4128;355;PQPLWC
calculations;PQPLWC;2016-07-05T08:26:10-04:00;NA;NA;11969;355;PQPLWC
calculations;XVXBPB;2016-07-05T08:27:02-04:00;3;2 + 1 = ?;1713;356;XVXBPB
calculations;XVXBPB;2016-07-05T08:27:04-04:00;NA;NA;3446;356;XVXBPB
default;BALKVO;2016-07-05T08:34:37-04:00;NA;NA;4642;362;BALKVO
default;WMXPPG;2016-07-05T08:27:20-04:00;NA;NA;7565;361;WMXPPG
calculations;VQMSLO;2016-07-05T08:27:28-04:00;2;3 - 1 = ?;5182;358;VQMSLO
calculations;VQMSLO;2016-07-05T08:27:33-04:00;NA;NA;9876;358;VQMSLO
calculations;RBMPFK;2016-07-05T08:27:52-04:00;3;8 - 5 = ?;3267;359;RBMPFK
calculations;RBMPFK;2016-07-05T08:27:55-04:00;NA;NA;6478;359;RBMPFK
calculations;JBHTQK;2016-07-05T08:28:04-04:00;8;3 + 5 = ?;2195;352;JBHTQK
images;TTOIVF;2016-07-05T08:28:30-04:00;7;wave;3392;325;TTOIVF
calculations;JBHTQK;2016-07-05T08:28:33-04:00;NA;NA;31218;352;JBHTQK
images;TTOIVF;2016-07-05T08:28:32-04:00;NA;NA;5248;325;TTOIVF
calculations;XVXBPB;2016-07-05T08:28:40-04:00;8;4 + 4 = ?;2119;356;XVXBPB
calculations;XVXBPB;2016-07-05T08:28:42-04:00;NA;NA;3881;356;XVXBPB
default;RAXUPV;2016-07-05T07:29:28-05:00;NA;NA;12968;360;RAXUPV
calculations;TXTFLX;2016-07-05T08:29:31-04:00;3;2 + 1 = ?;1547;357;TXTFLX
calculations;TXTFLX;2016-07-05T08:29:40-04:00;NA;NA;9866;357;TXTFLX
default;MNWGCV;2016-07-05T08:29:29-04:00;NA;NA;10299;367;MNWGCV
calculations;ROPYFX;2016-07-05T08:30:05-04:00;7;9 - 2 = ?;4918;333;ROPYFX
images;SORCMA;2016-07-05T08:30:19-04:00;9;waterfalls;5205;372;SORCMA
images;SORCMA;2016-07-05T08:30:22-04:00;NA;NA;8700;372;SORCMA
calculations;ROPYFX;2016-07-05T08:30:32-04:00;NA;NA;31258;333;ROPYFX
calculations;QOWEKP;2016-07-05T15:30:39+03:00;2;3 - 1 = ?;6871;306;QOWEKP
calculations;UFAXGM;2016-07-05T07:30:22-05:00;8;4 + 4 = ?;3591;380;UFAXGM
calculations;UFAXGM;2016-07-05T07:30:25-05:00;NA;NA;6520;380;UFAXGM
images;SZHNZT;2016-07-05T08:31:00-04:00;7;frozenlake;7397;369;SZHNZT
images;KKCVGH;2016-07-05T08:31:01-04:00;8;wave;14623;370;KKCVGH
images;SZHNZT;2016-07-05T08:31:06-04:00;NA;NA;13676;369;SZHNZT
images;KKCVGH;2016-07-05T08:31:18-04:00;NA;NA;31130;370;KKCVGH
calculations;VQMSLO;2016-07-05T08:31:19-04:00;3;2 + 1 = ?;1902;358;VQMSLO
calculations;VQMSLO;2016-07-05T08:31:20-04:00;NA;NA;3128;358;VQMSLO
calculations;UFAXGM;2016-07-05T07:31:08-05:00;3;8 - 5 = ?;3338;380;UFAXGM
calculations;PQPLWC;2016-07-05T08:31:42-04:00;3;2 + 1 = ?;2010;355;PQPLWC
calculations;VJHWYK;2016-07-05T14:31:36+02:00;8;3 + 5 = ?;8185;311;VJHWYK
calculations;UFAXGM;2016-07-05T07:31:10-05:00;NA;NA;4663;380;UFAXGM
calculations;VJHWYK;2016-07-05T14:31:41+02:00;NA;NA;12352;311;VJHWYK
calculations;PQPLWC;2016-07-05T08:31:47-04:00;NA;NA;7752;355;PQPLWC
calculations;RBMPFK;2016-07-05T08:31:50-04:00;7;9 - 2 = ?;2588;359;RBMPFK
calculations;RBMPFK;2016-07-05T08:31:54-04:00;NA;NA;6453;359;RBMPFK
default;OPRVJN;2016-07-05T08:31:51-04:00;NA;NA;21776;337;OPRVJN
calculations;UFAXGM;2016-07-05T07:32:21-05:00;3;2 + 1 = ?;3115;380;UFAXGM
calculations;UFAXGM;2016-07-05T07:32:22-05:00;NA;NA;4460;380;UFAXGM
default;WXWCJZ;2016-07-05T08:32:59-04:00;NA;NA;845;339;WXWCJZ
calculations;QOWEKP;2016-07-05T15:33:00+03:00;NA;NA;147878;306;QOWEKP
images;NRUCLE;2016-07-05T08:33:13-04:00;7;mountain;16491;373;NRUCLE
default;RAXUPV;2016-07-05T07:33:12-05:00;NA;NA;10338;360;RAXUPV
calculations;JBHTQK;2016-07-05T08:33:36-04:00;3;2 + 1 = ?;1729;352;JBHTQK
default;BALKVO;2016-07-05T08:41:07-04:00;NA;NA;68286;362;BALKVO
images;VGYRLT;2016-07-05T13:33:28+01:00;8;hilltrail;12636;374;VGYRLT
default;MNWGCV;2016-07-05T08:33:24-04:00;NA;NA;2797;367;MNWGCV
images;VGYRLT;2016-07-05T13:33:42+01:00;NA;NA;26755;374;VGYRLT
images;SZHNZT;2016-07-05T08:33:58-04:00;8;nightlyforest;3092;369;SZHNZT
images;SZHNZT;2016-07-05T08:33:59-04:00;NA;NA;4492;369;SZHNZT
calculations;MDXJSL;2016-07-05T08:33:57-04:00;3;8 - 5 = ?;10690;377;MDXJSL
calculations;SMKISI;2016-07-05T08:34:08-04:00;7;9 - 2 = ?;15612;382;SMKISI
calculations;MDXJSL;2016-07-05T08:34:14-04:00;NA;NA;28163;377;MDXJSL
calculations;SMKISI;2016-07-05T08:34:24-04:00;NA;NA;30987;382;SMKISI
images;KKCVGH;2016-07-05T08:34:35-04:00;0;frozenlake;9397;370;KKCVGH
calculations;ROPYFX;2016-07-05T08:34:45-04:00;8;3 + 5 = ?;4089;333;ROPYFX
calculations;OUGSBA;2016-07-05T07:35:17-05:00;7;9 - 2 = ?;4283;376;OUGSBA
calculations;ROPYFX;2016-07-05T08:34:49-04:00;NA;NA;8116;333;ROPYFX
images;DBHHZZ;2016-07-05T08:34:53-04:00;5;wave;15947;371;DBHHZZ
images;KKCVGH;2016-07-05T08:34:55-04:00;NA;NA;29071;370;KKCVGH
default;WMXPPG;2016-07-05T08:34:57-04:00;NA;NA;2528;361;WMXPPG
images;DBHHZZ;2016-07-05T08:35:05-04:00;NA;NA;28050;371;DBHHZZ
calculations;OUGSBA;2016-07-05T07:35:38-05:00;NA;NA;24784;376;OUGSBA
default;JMAMNC;2016-07-05T05:35:35-07:00;NA;NA;15311;386;JMAMNC
calculations;ETKRLL;2016-07-05T06:35:46-06:00;2;3 - 1 = ?;3214;383;ETKRLL
calculations;ETKRLL;2016-07-05T06:35:48-06:00;NA;NA;5217;383;ETKRLL
images;SZHNZT;2016-07-05T08:36:07-04:00;5;wave;4558;369;SZHNZT
images;SZHNZT;2016-07-05T08:36:09-04:00;NA;NA;6534;369;SZHNZT
calculations;TXTFLX;2016-07-05T08:36:29-04:00;7;9 - 2 = ?;1833;357;TXTFLX
calculations;ETKRLL;2016-07-05T06:36:40-06:00;8;4 + 4 = ?;1692;383;ETKRLL
calculations;TXTFLX;2016-07-05T08:36:38-04:00;NA;NA;10299;357;TXTFLX
calculations;ETKRLL;2016-07-05T06:36:42-06:00;NA;NA;3165;383;ETKRLL
calculations;QOWEKP;2016-07-05T15:36:55+03:00;8;3 + 5 = ?;2219;306;QOWEKP
calculations;QOWEKP;2016-07-05T15:36:58+03:00;NA;NA;4297;306;QOWEKP
images;NRUCLE;2016-07-05T08:37:07-04:00;NA;NA;250668;373;NRUCLE
default;NXVYJP;2016-07-05T05:37:13-07:00;NA;NA;7112;385;NXVYJP
default;MNWGCV;2016-07-05T08:37:11-04:00;NA;NA;7443;367;MNWGCV
default;BALKVO;2016-07-05T08:45:06-04:00;NA;NA;1950;362;BALKVO
calculations;ETKRLL;2016-07-05T06:37:47-06:00;8;3 + 5 = ?;1754;383;ETKRLL
calculations;ETKRLL;2016-07-05T06:37:48-06:00;NA;NA;3161;383;ETKRLL
calculations;SMKISI;2016-07-05T08:38:00-04:00;3;2 + 1 = ?;6284;382;SMKISI
default;WDTTBI;2016-07-05T08:38:02-04:00;NA;NA;13909;387;WDTTBI
default;RAXUPV;2016-07-05T07:38:05-05:00;NA;NA;8344;360;RAXUPV
images;KKCVGH;2016-07-05T08:38:13-04:00;8;mountaincloud;5603;370;KKCVGH
default;WPTJXY;2016-07-05T08:38:15-04:00;NA;NA;20722;391;WPTJXY
calculations;SMKISI;2016-07-05T08:38:20-04:00;NA;NA;25740;382;SMKISI
images;KKCVGH;2016-07-05T08:38:42-04:00;NA;NA;34739;370;KKCVGH
images;SORCMA;2016-07-05T08:38:50-04:00;9;wave;3167;372;SORCMA
images;SORCMA;2016-07-05T08:38:53-04:00;NA;NA;6319;372;SORCMA
calculations;QQBOGG;2016-07-05T08:39:03-04:00;3;8 - 5 = ?;5572;379;QQBOGG
calculations;QQBOGG;2016-07-05T08:39:15-04:00;NA;NA;17431;379;QQBOGG
images;JEDLIX;2016-07-05T08:39:32-04:00;4;frozenlake;7756;394;JEDLIX
calculations;PQPLWC;2016-07-05T08:39:49-04:00;7;9 - 2 = ?;1615;355;PQPLWC
calculations;PQPLWC;2016-07-05T08:39:50-04:00;NA;NA;2908;355;PQPLWC
images;JEDLIX;2016-07-05T08:39:50-04:00;NA;NA;25259;394;JEDLIX
default;NXVYJP;2016-07-05T05:39:57-07:00;NA;NA;1656;385;NXVYJP
images;CADEHQ;2016-07-05T06:40:48-06:00;8;hilltrail;11473;392;CADEHQ
default;LOIAQP;2016-07-05T05:41:02-07:00;NA;NA;171677;389;LOIAQP
images;CADEHQ;2016-07-05T06:40:59-06:00;NA;NA;22200;392;CADEHQ
images;HIXVWP;2016-07-05T07:47:03-05:00;9;waterfalls;11410;396;HIXVWP
images;NRUCLE;2016-07-05T08:41:14-04:00;4;wave;3892;373;NRUCLE
images;HIXVWP;2016-07-05T07:47:11-05:00;NA;NA;20107;396;HIXVWP
default;NXVYJP;2016-07-05T05:41:14-07:00;NA;NA;1964;385;NXVYJP
images;NRUCLE;2016-07-05T08:41:21-04:00;NA;NA;10861;373;NRUCLE
calculations;TVBEHJ;2016-07-05T08:41:34-04:00;8;3 + 5 = ?;5391;400;TVBEHJ
calculations;MDXJSL;2016-07-05T08:41:25-04:00;7;9 - 2 = ?;3564;377;MDXJSL
calculations;OUGSBA;2016-07-05T07:42:05-05:00;8;4 + 4 = ?;2838;376;OUGSBA
calculations;OUGSBA;2016-07-05T07:42:10-05:00;NA;NA;7683;376;OUGSBA
calculations;TVBEHJ;2016-07-05T08:41:56-04:00;NA;NA;27179;400;TVBEHJ
calculations;MDXJSL;2016-07-05T08:41:46-04:00;NA;NA;24645;377;MDXJSL
images;DBHHZZ;2016-07-05T08:41:52-04:00;7;mountaincloud;14970;371;DBHHZZ
images;DBHHZZ;2016-07-05T08:41:55-04:00;NA;NA;18128;371;DBHHZZ
default;WPTJXY;2016-07-05T08:42:39-04:00;NA;NA;2836;391;WPTJXY
calculations;SMKISI;2016-07-05T08:43:21-04:00;2;3 - 1 = ?;13115;382;SMKISI
calculations;SMKISI;2016-07-05T08:43:27-04:00;NA;NA;18987;382;SMKISI
calculations;YMMTRS;2016-07-05T07:43:53-05:00;3;8 - 5 = ?;4673;401;YMMTRS
default;YYPUNF;2016-07-05T08:43:57-04:00;NA;NA;8805;410;YYPUNF
images;HIXVWP;2016-07-05T07:50:01-05:00;0;frozenlake;4304;396;HIXVWP
default;NOEFZG;2016-07-05T06:44:04-06:00;NA;NA;4015;408;NOEFZG
images;HIXVWP;2016-07-05T07:50:04-05:00;NA;NA;7362;396;HIXVWP
calculations;YMMTRS;2016-07-05T07:44:40-05:00;NA;NA;52042;401;YMMTRS
default;JMAMNC;2016-07-05T05:44:50-07:00;NA;NA;254660;386;JMAMNC
images;JEDLIX;2016-07-05T08:44:53-04:00;7;mountaincloud;5942;394;JEDLIX
images;OEZPBB;2016-07-05T08:45:12-04:00;5;wave;11525;399;OEZPBB
default;WDTTBI;2016-07-05T08:45:13-04:00;NA;NA;115606;387;WDTTBI
images;OEZPBB;2016-07-05T08:45:31-04:00;NA;NA;30712;399;OEZPBB
default;NOEFZG;2016-07-05T06:45:36-06:00;NA;NA;1197;408;NOEFZG
images;TFLUJD;2016-07-05T08:45:32-04:00;8;frozenlake;9204;420;TFLUJD
images;QMVRLD;2016-07-05T08:45:52-04:00;9;mountaincloud;7283;416;QMVRLD
images;TFLUJD;2016-07-05T08:45:49-04:00;NA;NA;26447;420;TFLUJD
images;QMVRLD;2016-07-05T08:45:56-04:00;NA;NA;11964;416;QMVRLD
images;JEDLIX;2016-07-05T08:46:00-04:00;NA;NA;72355;394;JEDLIX
images;SORCMA;2016-07-05T08:46:02-04:00;9;mountain;1890;372;SORCMA
images;SORCMA;2016-07-05T08:46:06-04:00;NA;NA;5330;372;SORCMA
default;WMXPPG;2016-07-05T08:46:30-04:00;NA;NA;9798;361;WMXPPG
images;CADEHQ;2016-07-05T06:46:32-06:00;0;frozenlake;8601;392;CADEHQ
images;CADEHQ;2016-07-05T06:46:35-06:00;NA;NA;11889;392;CADEHQ
calculations;OUGSBA;2016-07-05T07:47:08-05:00;8;3 + 5 = ?;2699;376;OUGSBA
calculations;OUGSBA;2016-07-05T07:47:13-05:00;NA;NA;7930;376;OUGSBA
default;NOEFZG;2016-07-05T06:46:59-06:00;NA;NA;4606;408;NOEFZG
images;ITMDFP;2016-07-05T08:46:58-04:00;4;wave;12244;417;ITMDFP
images;ITMDFP;2016-07-05T08:47:05-04:00;NA;NA;19446;417;ITMDFP
calculations;PPVUIH;2016-07-05T08:47:10-04:00;3;8 - 5 = ?;3080;429;PPVUIH
images;NRUCLE;2016-07-05T08:47:33-04:00;3;frozenlake;10277;373;NRUCLE
images;NRUCLE;2016-07-05T08:47:35-04:00;NA;NA;11795;373;NRUCLE
images;GRSYSM;2016-07-05T08:47:42-04:00;9;frozenlake;7680;423;GRSYSM
calculations;QQBOGG;2016-07-05T08:48:00-04:00;8;3 + 5 = ?;2383;379;QQBOGG
calculations;QQBOGG;2016-07-05T08:48:04-04:00;NA;NA;6269;379;QQBOGG
images;XHYWCV;2016-07-05T07:48:16-05:00;0;mountaincloud;14223;395;XHYWCV
images;HIXVWP;2016-07-05T07:54:29-05:00;0;nightlyforest;2566;396;HIXVWP
images;HIXVWP;2016-07-05T07:54:31-05:00;NA;NA;4615;396;HIXVWP
images;XHYWCV;2016-07-05T07:48:41-05:00;NA;NA;39830;395;XHYWCV
images;GRSYSM;2016-07-05T08:48:50-04:00;NA;NA;75490;423;GRSYSM
default;YYPUNF;2016-07-05T08:48:58-04:00;NA;NA;3894;410;YYPUNF
calculations;FKPBFD;2016-07-05T08:45:39-04:00;3;8 - 5 = ?;3312;431;FKPBFD
calculations;FKPBFD;2016-07-05T08:45:43-04:00;NA;NA;7360;431;FKPBFD
calculations;MDXJSL;2016-07-05T08:49:22-04:00;8;4 + 4 = ?;1983;377;MDXJSL
images;YWQWSG;2016-07-05T07:49:35-05:00;3;waterfalls;7262;421;YWQWSG
images;OEZPBB;2016-07-05T08:49:40-04:00;7;hilltrail;7373;399;OEZPBB
images;OEZPBB;2016-07-05T08:49:47-04:00;NA;NA;13439;399;OEZPBB
calculations;XMDZGW;2016-07-05T08:49:48-04:00;7;9 - 2 = ?;3726;424;XMDZGW
default;LOIAQP;2016-07-05T05:49:55-07:00;NA;NA;18442;389;LOIAQP
images;TFLUJD;2016-07-05T08:49:51-04:00;8;mountaincloud;2955;420;TFLUJD
images;TFLUJD;2016-07-05T08:49:55-04:00;NA;NA;7387;420;TFLUJD
images;HACWKM;2016-07-05T07:50:10-05:00;7;frozenlake;19871;418;HACWKM
images;QMVRLD;2016-07-05T08:50:12-04:00;9;nightlyforest;3631;416;QMVRLD
images;QMVRLD;2016-07-05T08:50:15-04:00;NA;NA;6847;416;QMVRLD
images;HACWKM;2016-07-05T07:50:25-05:00;NA;NA;35139;418;HACWKM
default;BHDKKC;2016-07-05T08:50:26-04:00;NA;NA;8668;433;BHDKKC
calculations;MDXJSL;2016-07-05T08:50:27-04:00;NA;NA;66781;377;MDXJSL
calculations;YMMTRS;2016-07-05T07:50:38-05:00;3;2 + 1 = ?;3483;401;YMMTRS
calculations;XMDZGW;2016-07-05T08:50:35-04:00;NA;NA;51001;424;XMDZGW
calculations;VEGYHD;2016-07-05T08:53:41-04:00;8;4 + 4 = ?;5270;426;VEGYHD
default;YCODNU;2016-07-05T07:50:41-05:00;NA;NA;12378;432;YCODNU
default;YYPUNF;2016-07-05T08:50:47-04:00;NA;NA;3228;410;YYPUNF
images;ITMDFP;2016-07-05T08:50:49-04:00;7;nightlyforest;4869;417;ITMDFP
calculations;VEGYHD;2016-07-05T08:53:53-04:00;NA;NA;16886;426;VEGYHD
images;SEDKIH;2016-07-05T07:50:51-05:00;0;mountain;22013;419;SEDKIH
images;ITMDFP;2016-07-05T08:50:51-04:00;NA;NA;6842;417;ITMDFP
calculations;YMMTRS;2016-07-05T07:51:03-05:00;NA;NA;28276;401;YMMTRS
images;SEDKIH;2016-07-05T07:51:26-05:00;NA;NA;57220;419;SEDKIH
images;YWQWSG;2016-07-05T07:51:42-05:00;NA;NA;134821;421;YWQWSG
calculations;TVBEHJ;2016-07-05T08:51:52-04:00;8;4 + 4 = ?;3222;400;TVBEHJ
calculations;TVBEHJ;2016-07-05T08:52:03-04:00;NA;NA;14121;400;TVBEHJ
images;JEDLIX;2016-07-05T08:52:09-04:00;3;waterfalls;5633;394;JEDLIX
images;JEDLIX;2016-07-05T08:52:28-04:00;NA;NA;24624;394;JEDLIX
calculations;FKPBFD;2016-07-05T08:49:10-04:00;8;3 + 5 = ?;2246;431;FKPBFD
calculations;FKPBFD;2016-07-05T08:49:13-04:00;NA;NA;4631;431;FKPBFD
images;GRSYSM;2016-07-05T08:53:17-04:00;9;nightlyforest;2985;423;GRSYSM
images;GRSYSM;2016-07-05T08:53:20-04:00;NA;NA;6525;423;GRSYSM
calculations;PPVUIH;2016-07-05T08:53:25-04:00;NA;NA;378749;429;PPVUIH
images;VGYRLT;2016-07-05T13:53:34+01:00;8;mountaincloud;567290;374;VGYRLT
default;FKIPGB;2016-07-05T08:53:42-04:00;NA;NA;6459;437;FKIPGB
calculations;QQBOGG;2016-07-05T08:53:43-04:00;7;9 - 2 = ?;2974;379;QQBOGG
images;VGYRLT;2016-07-05T13:53:39+01:00;NA;NA;572343;374;VGYRLT
calculations;VEGYHD;2016-07-05T08:56:51-04:00;3;2 + 1 = ?;2514;426;VEGYHD
calculations;VEGYHD;2016-07-05T08:56:54-04:00;NA;NA;5225;426;VEGYHD
calculations;QQBOGG;2016-07-05T08:53:56-04:00;NA;NA;16159;379;QQBOGG
images;CADEHQ;2016-07-05T06:54:22-06:00;9;waterfalls;5156;392;CADEHQ
images;CADEHQ;2016-07-05T06:54:28-06:00;NA;NA;11060;392;CADEHQ
images;ITMDFP;2016-07-05T08:54:46-04:00;5;hilltrail;4733;417;ITMDFP
default;BHDKKC;2016-07-05T08:54:47-04:00;NA;NA;10129;433;BHDKKC
images;TFLUJD;2016-07-05T08:54:45-04:00;9;nightlyforest;2087;420;TFLUJD
images;ITMDFP;2016-07-05T08:54:48-04:00;NA;NA;7522;417;ITMDFP
images;TFLUJD;2016-07-05T08:54:47-04:00;NA;NA;4265;420;TFLUJD
images;HACWKM;2016-07-05T07:54:57-05:00;7;hilltrail;33444;418;HACWKM
default;JMAMNC;2016-07-05T05:55:08-07:00;NA;NA;282886;386;JMAMNC
images;HACWKM;2016-07-05T07:55:04-05:00;NA;NA;40409;418;HACWKM
calculations;QGKXQU;2016-07-05T08:55:08-04:00;8;3 + 5 = ?;5676;406;QGKXQU
calculations;QGKXQU;2016-07-05T08:55:09-04:00;NA;NA;7458;406;QGKXQU
calculations;XMDZGW;2016-07-05T08:55:23-04:00;2;3 - 1 = ?;1350;424;XMDZGW
default;LOIAQP;2016-07-05T05:55:25-07:00;NA;NA;29832;389;LOIAQP
calculations;XMDZGW;2016-07-05T08:55:47-04:00;NA;NA;24790;424;XMDZGW
calculations;FKPBFD;2016-07-05T08:52:12-04:00;7;9 - 2 = ?;1897;431;FKPBFD
calculations;FKPBFD;2016-07-05T08:52:14-04:00;NA;NA;3955;431;FKPBFD
images;OEZPBB;2016-07-05T08:55:57-04:00;9;mountain;6656;399;OEZPBB
images;OEZPBB;2016-07-05T08:56:04-04:00;NA;NA;13896;399;OEZPBB
images;GRSYSM;2016-07-05T08:56:22-04:00;9;mountaincloud;2313;423;GRSYSM
images;GRSYSM;2016-07-05T08:56:24-04:00;NA;NA;4035;423;GRSYSM
images;QMVRLD;2016-07-05T08:56:30-04:00;9;mountain;3929;416;QMVRLD
images;QMVRLD;2016-07-05T08:56:33-04:00;NA;NA;7241;416;QMVRLD
calculations;YMMTRS;2016-07-05T07:56:51-05:00;8;4 + 4 = ?;2251;401;YMMTRS
images;SEDKIH;2016-07-05T07:57:07-05:00;0;mountaincloud;7393;419;SEDKIH
calculations;YMMTRS;2016-07-05T07:57:11-05:00;NA;NA;22677;401;YMMTRS
calculations;PPVUIH;2016-07-05T08:57:10-04:00;3;2 + 1 = ?;1715;429;PPVUIH
calculations;PPVUIH;2016-07-05T08:57:12-04:00;NA;NA;3176;429;PPVUIH
images;SEDKIH;2016-07-05T07:57:17-05:00;NA;NA;17229;419;SEDKIH
calculations;TVBEHJ;2016-07-05T08:57:26-04:00;2;3 - 1 = ?;3718;400;TVBEHJ
default;YCODNU;2016-07-05T07:57:26-05:00;NA;NA;2718;432;YCODNU
images;YWQWSG;2016-07-05T07:57:43-05:00;0;nightlyforest;9225;421;YWQWSG
calculations;XZPGNW;2016-07-05T08:58:18-04:00;3;2 + 1 = ?;2710;404;XZPGNW
default;NJKYJD;2016-07-05T08:58:24-04:00;NA;NA;14363;438;NJKYJD
images;XHYWCV;2016-07-05T07:58:37-05:00;3;hilltrail;8027;395;XHYWCV
images;XHYWCV;2016-07-05T07:58:43-05:00;NA;NA;14150;395;XHYWCV
default;GONGAZ;2016-07-05T06:58:37-06:00;NA;NA;30202;435;GONGAZ
images;NDDSFZ;2016-07-05T07:59:07-05:00;0;mountaincloud;14821;447;NDDSFZ
images;YWQWSG;2016-07-05T07:59:10-05:00;NA;NA;95897;421;YWQWSG
calculations;QGKXQU;2016-07-05T08:59:12-04:00;1;3 - 1 = ?;1006;406;QGKXQU
calculations;AWADEN;2016-07-05T08:59:13-04:00;3;2 + 1 = ?;5504;407;AWADEN
calculations;VEGYHD;2016-07-05T09:02:25-04:00;7;9 - 2 = ?;2340;426;VEGYHD
calculations;VEGYHD;2016-07-05T09:02:28-04:00;NA;NA;5617;426;VEGYHD
default;BHDKKC;2016-07-05T08:59:30-04:00;NA;NA;20026;433;BHDKKC
images;NDDSFZ;2016-07-05T07:59:37-05:00;NA;NA;44645;447;NDDSFZ
calculations;XMDZGW;2016-07-05T08:59:54-04:00;3;8 - 5 = ?;3009;424;XMDZGW
calculations;WKMESW;2016-07-05T08:59:59-04:00;3;2 + 1 = ?;1926;452;WKMESW
calculations;XMDZGW;2016-07-05T09:00:15-04:00;NA;NA;24192;424;XMDZGW
calculations;WKMESW;2016-07-05T09:00:15-04:00;NA;NA;17751;452;WKMESW
default;FKIPGB;2016-07-05T09:00:31-04:00;NA;NA;1272;437;FKIPGB
default;YCODNU;2016-07-05T08:00:33-05:00;NA;NA;2297;432;YCODNU
calculations;PPVUIH;2016-07-05T09:00:34-04:00;2;3 - 1 = ?;1492;429;PPVUIH
calculations;PPVUIH;2016-07-05T09:00:36-04:00;NA;NA;2667;429;PPVUIH
default;LNEPAD;2016-07-05T09:01:18-04:00;NA;NA;1124;463;LNEPAD
default;SJOAGO;2016-07-05T08:01:35-05:00;NA;NA;19825;457;SJOAGO
images;VGYRLT;2016-07-05T14:01:56+01:00;7;waterfalls;6610;374;VGYRLT
images;VGYRLT;2016-07-05T14:01:59+01:00;NA;NA;9787;374;VGYRLT
default;LNEPAD;2016-07-05T09:02:10-04:00;NA;NA;1640;463;LNEPAD
images;HACWKM;2016-07-05T08:02:10-05:00;8;wave;6886;418;HACWKM
calculations;XZPGNW;2016-07-05T09:02:20-04:00;NA;NA;244815;404;XZPGNW
images;SBFRTB;2016-07-05T09:03:16-04:00;3;frozenlake;18909;446;SBFRTB
images;HACWKM;2016-07-05T08:02:27-05:00;NA;NA;24266;418;HACWKM
images;SBFRTB;2016-07-05T09:03:41-04:00;NA;NA;43652;446;SBFRTB
default;ULIGSX;2016-07-05T09:02:59-04:00;NA;NA;3813;458;ULIGSX
images;SEDKIH;2016-07-05T08:03:21-05:00;4;hilltrail;13434;419;SEDKIH
images;NDDSFZ;2016-07-05T08:03:22-05:00;0;frozenlake;4558;447;NDDSFZ
images;NDDSFZ;2016-07-05T08:03:25-05:00;NA;NA;7054;447;NDDSFZ
images;SEDKIH;2016-07-05T08:03:28-05:00;NA;NA;19649;419;SEDKIH
default;LNEPAD;2016-07-05T09:03:42-04:00;NA;NA;1919;463;LNEPAD
images;YWQWSG;2016-07-05T08:04:00-05:00;7;hilltrail;7033;421;YWQWSG
images;YWQWSG;2016-07-05T08:04:08-05:00;NA;NA;14846;421;YWQWSG
default;XNJQDW;2016-07-05T09:06:05-04:00;NA;NA;8668;459;XNJQDW
calculations;TVBEHJ;2016-07-05T09:04:20-04:00;NA;NA;417807;400;TVBEHJ
images;XHYWCV;2016-07-05T08:04:19-05:00;9;frozenlake;10715;395;XHYWCV
images;XHYWCV;2016-07-05T08:04:23-05:00;NA;NA;14439;395;XHYWCV
default;NJKYJD;2016-07-05T09:05:52-04:00;NA;NA;14546;438;NJKYJD
calculations;WKMESW;2016-07-05T09:05:59-04:00;7;9 - 2 = ?;1856;452;WKMESW
images;NDDSFZ;2016-07-05T08:06:25-05:00;0;mountain;6889;447;NDDSFZ
calculations;WKMESW;2016-07-05T09:06:24-04:00;NA;NA;26858;452;WKMESW
images;NDDSFZ;2016-07-05T08:06:27-05:00;NA;NA;8728;447;NDDSFZ
default;FKIPGB;2016-07-05T09:06:55-04:00;NA;NA;1694;437;FKIPGB
default;SJOAGO;2016-07-05T08:07:13-05:00;NA;NA;7965;457;SJOAGO
default;YBZPJO;2016-07-05T14:07:21+01:00;NA;NA;6924;462;YBZPJO
calculations;XOFIJR;2016-07-05T09:08:04-04:00;8;4 + 4 = ?;2505;381;XOFIJR
calculations;XOFIJR;2016-07-05T09:08:10-04:00;NA;NA;8792;381;XOFIJR
default;GONGAZ;2016-07-05T07:08:40-06:00;NA;NA;11259;435;GONGAZ
calculations;JBHTQK;2016-07-05T09:09:28-04:00;NA;NA;2154027;352;JBHTQK
calculations;WKMESW;2016-07-05T09:09:39-04:00;8;4 + 4 = ?;2009;452;WKMESW
calculations;WKMESW;2016-07-05T09:10:01-04:00;NA;NA;24131;452;WKMESW
calculations;XZPGNW;2016-07-05T09:10:02-04:00;2;3 - 1 = ?;6387;404;XZPGNW
default;ULIGSX;2016-07-05T09:10:08-04:00;NA;NA;2705;458;ULIGSX
calculations;XZPGNW;2016-07-05T09:11:09-04:00;NA;NA;72788;404;XZPGNW
default;XNJQDW;2016-07-05T09:13:18-04:00;NA;NA;14525;459;XNJQDW
default;NJKYJD;2016-07-05T09:11:48-04:00;NA;NA;6703;438;NJKYJD
images;DBHHZZ;2016-07-05T09:12:46-04:00;9;frozenlake;16251;371;DBHHZZ
images;DBHHZZ;2016-07-05T09:12:53-04:00;NA;NA;23287;371;DBHHZZ
default;YBZPJO;2016-07-05T14:12:47+01:00;NA;NA;9334;462;YBZPJO
default;SJOAGO;2016-07-05T08:13:56-05:00;NA;NA;9692;457;SJOAGO
images;SBFRTB;2016-07-05T09:14:54-04:00;8;wave;10723;446;SBFRTB
images;SBFRTB;2016-07-05T09:15:05-04:00;NA;NA;21266;446;SBFRTB
calculations;XOFIJR;2016-07-05T09:14:15-04:00;7;9 - 2 = ?;1898;381;XOFIJR
calculations;XOFIJR;2016-07-05T09:14:21-04:00;NA;NA;7402;381;XOFIJR
images;EXECYX;2016-07-05T09:15:37-04:00;8;mountaincloud;11480;466;EXECYX
images;EXECYX;2016-07-05T09:15:48-04:00;NA;NA;22516;466;EXECYX
images;PTZFAW;2016-07-05T18:46:05+05:30;0;waterfalls;14599;465;PTZFAW
default;YBZPJO;2016-07-05T14:16:01+01:00;NA;NA;1653;462;YBZPJO
images;PTZFAW;2016-07-05T18:46:19+05:30;NA;NA;28566;465;PTZFAW
default;XNJQDW;2016-07-05T09:19:04-04:00;NA;NA;13197;459;XNJQDW
calculations;XOFIJR;2016-07-05T09:17:18-04:00;3;8 - 5 = ?;1587;381;XOFIJR
calculations;XOFIJR;2016-07-05T09:17:19-04:00;NA;NA;3107;381;XOFIJR
calculations;EZJKNF;2016-07-05T09:18:25-04:00;3;2 + 1 = ?;2353;472;EZJKNF
calculations;EZJKNF;2016-07-05T09:18:31-04:00;NA;NA;7710;472;EZJKNF
calculations;XZPGNW;2016-07-05T09:18:47-04:00;8;4 + 4 = ?;2526;404;XZPGNW
default;ULIGSX;2016-07-05T09:18:53-04:00;NA;NA;23762;458;ULIGSX
calculations;XZPGNW;2016-07-05T09:19:07-04:00;NA;NA;21867;404;XZPGNW
images;PTZFAW;2016-07-05T18:49:11+05:30;0;mountaincloud;2949;465;PTZFAW
images;PTZFAW;2016-07-05T18:49:14+05:30;NA;NA;6446;465;PTZFAW
calculations;APUJKV;2016-07-05T09:19:28-04:00;2;3 - 1 = ?;4123;474;APUJKV
images;EXECYX;2016-07-05T09:19:38-04:00;9;waterfalls;5101;466;EXECYX
images;EXECYX;2016-07-05T09:19:43-04:00;NA;NA;9367;466;EXECYX
calculations;CQNXQY;2016-07-05T09:20:28-04:00;8;4 + 4 = ?;7035;477;CQNXQY
images;PTZFAW;2016-07-05T18:50:33+05:30;0;hilltrail;2954;465;PTZFAW
calculations;EZJKNF;2016-07-05T09:20:44-04:00;3;8 - 5 = ?;2170;472;EZJKNF
calculations;EZJKNF;2016-07-05T09:20:47-04:00;NA;NA;4491;472;EZJKNF
images;PTZFAW;2016-07-05T18:50:37+05:30;NA;NA;6586;465;PTZFAW
calculations;CQNXQY;2016-07-05T09:20:39-04:00;NA;NA;18466;477;CQNXQY
calculations;APUJKV;2016-07-05T09:20:57-04:00;NA;NA;92376;474;APUJKV
images;PEINFP;2016-07-05T09:22:50-04:00;0;frozenlake;11472;470;PEINFP
images;PEINFP;2016-07-05T09:23:01-04:00;NA;NA;22511;470;PEINFP
calculations;CQNXQY;2016-07-05T09:23:30-04:00;8;3 + 5 = ?;5605;477;CQNXQY
calculations;CQNXQY;2016-07-05T09:23:34-04:00;NA;NA;9091;477;CQNXQY
calculations;EZJKNF;2016-07-05T09:23:47-04:00;2;3 - 1 = ?;1634;472;EZJKNF
calculations;EZJKNF;2016-07-05T09:23:49-04:00;NA;NA;3710;472;EZJKNF
images;SBFRTB;2016-07-05T09:24:43-04:00;8;mountaincloud;6928;446;SBFRTB
images;SBFRTB;2016-07-05T09:24:51-04:00;NA;NA;15584;446;SBFRTB
calculations;CQNXQY;2016-07-05T09:24:16-04:00;2;3 - 1 = ?;6305;477;CQNXQY
calculations;CQNXQY;2016-07-05T09:24:19-04:00;NA;NA;8838;477;CQNXQY
calculations;APUJKV;2016-07-05T09:24:43-04:00;8;3 + 5 = ?;3104;474;APUJKV
calculations;APUJKV;2016-07-05T09:25:24-04:00;NA;NA;44345;474;APUJKV
default;GONGAZ;2016-07-05T07:26:16-06:00;NA;NA;259242;435;GONGAZ
calculations;KIJEAJ;2016-07-05T09:26:23-04:00;2;3 - 1 = ?;3359;479;KIJEAJ
calculations;KIJEAJ;2016-07-05T09:26:37-04:00;NA;NA;16823;479;KIJEAJ
calculations;APUJKV;2016-07-05T09:27:49-04:00;3;2 + 1 = ?;2265;474;APUJKV
calculations;APUJKV;2016-07-05T09:27:51-04:00;NA;NA;4297;474;APUJKV
images;PEINFP;2016-07-05T09:28:00-04:00;8;waterfalls;8386;470;PEINFP
images;PEINFP;2016-07-05T09:28:17-04:00;NA;NA;24995;470;PEINFP
images;EXECYX;2016-07-05T09:29:03-04:00;0;wave;4746;466;EXECYX
images;EXECYX;2016-07-05T09:29:07-04:00;NA;NA;8447;466;EXECYX
calculations;KIJEAJ;2016-07-05T09:32:40-04:00;3;8 - 5 = ?;3090;479;KIJEAJ
calculations;KIJEAJ;2016-07-05T09:32:59-04:00;NA;NA;22746;479;KIJEAJ
calculations;KIJEAJ;2016-07-05T09:37:20-04:00;8;3 + 5 = ?;3588;479;KIJEAJ
calculations;KIJEAJ;2016-07-05T09:37:35-04:00;NA;NA;18157;479;KIJEAJ
default;DGGAZF;2016-07-05T08:45:45-05:00;NA;NA;2629;480;DGGAZF
default;ZFQYGF;2016-07-05T08:48:24-05:00;NA;NA;3176;483;ZFQYGF
default;DGGAZF;2016-07-05T08:50:43-05:00;NA;NA;2473;480;DGGAZF
default;ZFQYGF;2016-07-05T08:51:48-05:00;NA;NA;7988;483;ZFQYGF
default;HSXVVH;2016-07-05T09:52:29-04:00;NA;NA;8900;484;HSXVVH
images;EWDVGY;2016-07-05T21:54:05+08:00;9;mountaincloud;11464;469;EWDVGY
images;EWDVGY;2016-07-05T21:54:21+08:00;NA;NA;27679;469;EWDVGY
default;ZFQYGF;2016-07-05T08:54:51-05:00;NA;NA;3152;483;ZFQYGF
default;DGGAZF;2016-07-05T08:56:03-05:00;NA;NA;1584;480;DGGAZF
default;HSXVVH;2016-07-05T09:56:28-04:00;NA;NA;4020;484;HSXVVH
images;EWDVGY;2016-07-05T21:57:50+08:00;9;waterfalls;8746;469;EWDVGY
images;EWDVGY;2016-07-05T21:57:58+08:00;NA;NA;17242;469;EWDVGY
default;HSXVVH;2016-07-05T09:59:22-04:00;NA;NA;2217;484;HSXVVH
images;EWDVGY;2016-07-05T22:01:42+08:00;5;hilltrail;10445;469;EWDVGY
default;PUSJMH;2016-07-05T09:01:24-05:00;NA;NA;10322;486;PUSJMH
images;EWDVGY;2016-07-05T22:01:47+08:00;NA;NA;15950;469;EWDVGY
default;PUSJMH;2016-07-05T09:03:38-05:00;NA;NA;2127;486;PUSJMH
default;PUSJMH;2016-07-05T09:05:38-05:00;NA;NA;1803;486;PUSJMH
images;PMESXV;2016-07-05T09:35:37-05:00;7;hilltrail;10054;490;PMESXV
images;PMESXV;2016-07-05T09:35:48-05:00;NA;NA;20513;490;PMESXV
images;LYACUF;2016-07-05T10:37:43-04:00;0;mountain;14399;488;LYACUF
images;LYACUF;2016-07-05T10:39:22-04:00;NA;NA;113962;488;LYACUF
images;PMESXV;2016-07-05T09:42:30-05:00;8;wave;5854;490;PMESXV
images;PMESXV;2016-07-05T09:42:37-05:00;NA;NA;13433;490;PMESXV
images;LYACUF;2016-07-05T10:45:34-04:00;1;wave;5682;488;LYACUF
images;LYACUF;2016-07-05T10:45:40-04:00;NA;NA;11148;488;LYACUF
images;PMESXV;2016-07-05T09:49:18-05:00;7;frozenlake;9272;490;PMESXV
images;PMESXV;2016-07-05T09:49:26-05:00;NA;NA;17125;490;PMESXV
images;LYACUF;2016-07-05T10:51:31-04:00;5;hilltrail;21659;488;LYACUF
images;LYACUF;2016-07-05T10:51:53-04:00;NA;NA;44061;488;LYACUF
calculations;IJATVV;2016-07-05T10:54:45-05:00;8;4 + 4 = ?;5547;497;IJATVV
calculations;IJATVV;2016-07-05T10:55:15-05:00;NA;NA;35595;497;IJATVV
calculations;IJATVV;2016-07-05T11:08:10-05:00;8;3 + 5 = ?;3506;497;IJATVV
calculations;IJATVV;2016-07-05T11:08:20-05:00;NA;NA;13947;497;IJATVV
calculations;IJATVV;2016-07-05T11:16:17-05:00;2;3 - 1 = ?;3623;497;IJATVV
calculations;IJATVV;2016-07-05T11:16:26-05:00;NA;NA;13118;497;IJATVV
calculations;OVTUZX;2016-07-05T13:19:51-04:00;3;2 + 1 = ?;4421;501;OVTUZX
calculations;OVTUZX;2016-07-05T13:19:55-04:00;NA;NA;7728;501;OVTUZX
calculations;OVTUZX;2016-07-05T13:20:53-04:00;8;4 + 4 = ?;3184;501;OVTUZX
calculations;OVTUZX;2016-07-05T13:20:56-04:00;NA;NA;5378;501;OVTUZX
calculations;OVTUZX;2016-07-05T13:21:54-04:00;8;3 + 5 = ?;4757;501;OVTUZX
calculations;OVTUZX;2016-07-05T13:21:56-04:00;NA;NA;6804;501;OVTUZX
