age;availresolution;code;edu;gender;resolution;system;time;vpid;cid
29;1760x953;SPKFEB;matthiastest;male;1760x990;"Mozilla/5.0 (Windows NT 10.0; WOW64; rv:47.0) Gecko/20100101 Firefox/47.0";2016-07-04T15:16:23+02:00;35;SPKFEB
999;1920x1040;IFLMNX;999;female;1920x1080;"Mozilla/5.0 (Windows NT 10.0; WOW64) AppleWebKit/537.36 (KHTML, like Gecko) Chrome/51.0.2704.103 Safari/537.36";2016-07-04T15:45:39+02:00;36;IFLMNX
999;1920x1040;OZEJGJ;999;male;1920x1080;"Mozilla/5.0 (Windows NT 10.0; WOW64; rv:47.0) Gecko/20100101 Firefox/47.0";2016-07-04T17:00:02+02:00;37;OZEJGJ
999;1920x1040;KODHVR;999;female;1920x1080;"Mozilla/5.0 (Windows NT 10.0; WOW64) AppleWebKit/537.36 (KHTML, like Gecko) Chrome/51.0.2704.103 Safari/537.36";2016-07-04T17:01:59+02:00;38;KODHVR
999;1920x1040;EFQEDH;999;female;1920x1080;"Mozilla/5.0 (Windows NT 10.0; WOW64) AppleWebKit/537.36 (KHTML, like Gecko) Chrome/51.0.2704.103 Safari/537.36";2016-07-04T17:56:01+02:00;39;EFQEDH
11;1195x704;IHGVKG;1;male;1252x704;"Mozilla/5.0 (Windows NT 10.0; WOW64; rv:47.0) Gecko/20100101 Firefox/47.0";2016-07-04T18:55:18+02:00;41;IHGVKG
24;1440x797;CVVNCY;Bachelor of Science;male;1440x900;"Mozilla/5.0 (Macintosh; Intel Mac OS X 10_11_5) AppleWebKit/601.6.17 (KHTML, like Gecko) Version/9.1.1 Safari/601.6.17";2016-07-04T19:39:08+02:00;42;CVVNCY
1;1318x745;NUKFMS;1;male;1366x768;"Mozilla/5.0 (Macintosh; Intel Mac OS X 10.11; rv:47.0) Gecko/20100101 Firefox/47.0";2016-07-04T19:45:41+02:00;43;NUKFMS
1;1440x797;OXZCEK;testtest;male;1440x900;"Mozilla/5.0 (Macintosh; Intel Mac OS X 10_11_5) AppleWebKit/601.6.17 (KHTML, like Gecko) Version/9.1.1 Safari/601.6.17";2016-07-04T19:52:53+02:00;44;OXZCEK
1;1318x745;ZLQGSR;1;male;1366x768;"Mozilla/5.0 (Macintosh; Intel Mac OS X 10.11; rv:47.0) Gecko/20100101 Firefox/47.0";2016-07-04T20:03:22+02:00;45;ZLQGSR
1;1847x1177;RJTLUP;1;male;1920x1200;"Mozilla/5.0 (Macintosh; Intel Mac OS X 10_11_5) AppleWebKit/537.36 (KHTML, like Gecko) Chrome/51.0.2704.103 Safari/537.36";2016-07-05T10:14:00+02:00;47;RJTLUP
1;1847x1177;KJEWTF;1;male;1920x1200;"Mozilla/5.0 (Macintosh; Intel Mac OS X 10_11_5) AppleWebKit/537.36 (KHTML, like Gecko) Chrome/51.0.2704.103 Safari/537.36";2016-07-05T10:22:46+02:00;48;KJEWTF
999;1920x1040;WQYKQD;999;female;1920x1080;"Mozilla/5.0 (Windows NT 10.0; WOW64) AppleWebKit/537.36 (KHTML, like Gecko) Chrome/51.0.2704.103 Safari/537.36";2016-07-05T10:31:15+02:00;50;WQYKQD
28;1366x728;HRLIKQ;some college;female;1366x768;"Mozilla/5.0 (Windows NT 6.1; WOW64) AppleWebKit/537.36 (KHTML, like Gecko) Chrome/51.0.2704.103 Safari/537.36";2016-07-05T03:47:58-05:00;51;HRLIKQ
56;1280x984;DZXULD;Masters degree;female;1280x1024;"Mozilla/5.0 (Windows NT 6.1; WOW64) AppleWebKit/537.36 (KHTML, like Gecko) Chrome/51.0.2704.103 Safari/537.36";2016-07-05T04:48:54-04:00;54;DZXULD
52;1024x728;ZZLJEB;10th Grade High School;male;1024x768;"Mozilla/5.0 (Windows NT 6.1; WOW64) AppleWebKit/537.36 (KHTML, like Gecko) Chrome/51.0.2704.103 Safari/537.36";2016-07-05T04:48:41-04:00;53;ZZLJEB
22;1440x808;KCXKYN;Some College;male;1440x900;"Mozilla/5.0 (Macintosh; Intel Mac OS X 10_11_4) AppleWebKit/537.36 (KHTML, like Gecko) Chrome/51.0.2704.103 Safari/537.36";2016-07-05T04:49:35-04:00;55;KCXKYN
28;1366x728;OGXXXB;Highschool;female;1366x768;"Mozilla/5.0 (Windows NT 6.3; WOW64) AppleWebKit/537.36 (KHTML, like Gecko) Chrome/51.0.2704.103 Safari/537.36";2016-07-05T03:49:50-05:00;56;OGXXXB
23;1366x728;ECPEFW;bachelor 4 year degree;female;1366x768;Mozilla/5.0 (Windows NT 6.1) AppleWebKit/537.36 (KHTML, like Gecko) Chrome/51.0.2704.103 Safari/537.36;2016-07-05T14:20:01+05:30;57;WXMRAC
30;1024x748;XDXUDM;bachelors;male;768x1024;"Mozilla/5.0 (iPad; CPU OS 9_1 like Mac OS X) AppleWebKit/601.1.46 (KHTML, like Gecko) Version/9.0 Mobile/13B143 Safari/601.1";2016-07-05T04:50:36-04:00;58;XDXUDM
38;1024x768;XRMSKY;BA;male;1024x768;"Mozilla/5.0 (Linux; Android 6.0.1; SM-T710 Build/MMB29K) AppleWebKit/537.36 (KHTML, like Gecko) Chrome/51.0.2704.81 Safari/537.36";2016-07-05T01:51:10-07:00;61;XRMSKY
23;1366x728;WFGTIP;graduate;female;1366x768;Mozilla/5.0 (Windows NT 6.1) AppleWebKit/537.36 (KHTML, like Gecko) Chrome/51.0.2704.103 Safari/537.36;2016-07-05T14:20:49+05:30;59;WFGTIP
46;1366x728;TRYNPR;bachelor s degree;female;1366x768;"Mozilla/5.0 (Windows NT 6.1; WOW64) AppleWebKit/537.36 (KHTML, like Gecko) Chrome/51.0.2704.103 Safari/537.36";2016-07-05T03:52:13-05:00;62;TRYNPR
61;1366x728;ERBDEL;AA;female;1366x768;"Mozilla/5.0 (Windows NT 6.3; WOW64; rv:47.0) Gecko/20100101 Firefox/47.0";2016-07-05T01:52:34-07:00;64;ERBDEL
31;1366x728;SRDAJD;Masters Degree;male;1366x768;"Mozilla/5.0 (Windows NT 6.1; WOW64) AppleWebKit/537.36 (KHTML, like Gecko) Chrome/51.0.2704.103 Safari/537.36";2016-07-05T14:22:33+05:30;65;SRDAJD
43;1280x680;TLVNGY;high school graduate;male;1280x720;"Mozilla/5.0 (Windows NT 10.0; WOW64) AppleWebKit/537.36 (KHTML, like Gecko) Chrome/51.0.2704.106 Safari/537.36";2016-07-05T04:52:20-04:00;63;TLVNGY
36;1280x984;UJNJQM;Bachelors;male;1280x1024;"Mozilla/5.0 (Windows NT 6.1; WOW64; Trident/7.0; SLCC2; .NET CLR 2.0.50727; .NET CLR 3.5.30729; .NET CLR 3.0.30729; .NET4.0C; .NET4.0E; rv:11.0) like Gecko";2016-07-05T03:53:12-05:00;66;UJNJQM
40;1920x1040;BFCTLQ;College;male;1920x1080;"Mozilla/5.0 (Windows NT 6.1; WOW64) AppleWebKit/537.36 (KHTML, like Gecko) Chrome/51.0.2704.103 Safari/537.36";2016-07-05T04:53:42-04:00;68;BFCTLQ
25;1920x1040;RXCLJA;Some College;male;1920x1080;"Mozilla/5.0 (Windows NT 10.0; WOW64) AppleWebKit/537.36 (KHTML, like Gecko) Chrome/51.0.2704.103 Safari/537.36";2016-07-05T04:54:44-04:00;69;RXCLJA
28;1366x741;ILNWZM;Master s;female;1366x768;"Mozilla/5.0 (Macintosh; Intel Mac OS X 10_11_5) AppleWebKit/537.36 (KHTML, like Gecko) Chrome/51.0.2704.103 Safari/537.36";2016-07-05T01:55:50-07:00;70;ILNWZM
34;1366x728;CIZXJU;master degree;male;1366x768;Mozilla/5.0 (Windows NT 6.1) AppleWebKit/537.36 (KHTML, like Gecko) Chrome/51.0.2704.103 Safari/537.36;2016-07-05T01:56:45-07:00;71;CIZXJU
34;1366x728;CIZXJU;master degree;male;1366x768;Mozilla/5.0 (Windows NT 6.1) AppleWebKit/537.36 (KHTML, like Gecko) Chrome/51.0.2704.103 Safari/537.36;2016-07-05T01:56:45-07:00;71;CIZXJU
30;1366x728;AEDCUI;some college;male;1366x768;"Mozilla/5.0 (Windows NT 6.3; WOW64) AppleWebKit/537.36 (KHTML, like Gecko) Chrome/51.0.2704.103 Safari/537.36";2016-07-05T11:57:08+03:00;72;AEDCUI
25;1366x728;XWKPYB;BA;female;1366x768;Mozilla/5.0 (Windows NT 6.1) AppleWebKit/537.36 (KHTML, like Gecko) Chrome/51.0.2704.103 Safari/537.36;2016-07-05T14:27:42+05:30;73;XWKPYB
61;1366x728;SJSNCL;Some College;female;1366x768;"Mozilla/5.0 (Windows NT 6.3; WOW64) AppleWebKit/537.36 (KHTML, like Gecko) Chrome/51.0.2704.103 Safari/537.36";2016-07-05T01:58:24-07:00;75;SJSNCL
23;1366x728;PZZPBH;bachelor degree ;female;1366x768;Mozilla/5.0 (Windows NT 6.1) AppleWebKit/537.36 (KHTML, like Gecko) Chrome/51.0.2704.103 Safari/537.36;2016-07-05T14:27:50+05:30;74;PZZPBH
18;1440x860;OCLXDQ;Associates Degree;male;1440x900;"Mozilla/5.0 (Windows NT 6.1; WOW64) AppleWebKit/537.36 (KHTML, like Gecko) Chrome/51.0.2704.103 Safari/537.36";2016-07-05T02:59:36-06:00;77;OCLXDQ
45;1280x693;AXEKRS;High School;male;1280x720;"Mozilla/5.0 (Windows NT 10.0; WOW64; Trident/7.0; .NET4.0C; .NET4.0E; .NET CLR 2.0.50727; .NET CLR 3.0.30729; .NET CLR 3.5.30729; LCJB; rv:11.0) like Gecko";2016-07-05T11:00:45+02:00;78;AXEKRS
29;1366x728;PORDUM;Bachelors;male;1366x768;"Mozilla/5.0 (Windows NT 10.0; WOW64) AppleWebKit/537.36 (KHTML, like Gecko) Chrome/51.0.2704.103 Safari/537.36";2016-07-05T05:00:40-04:00;79;PORDUM
51;1440x870;RJRMNB;College graduate;male;1440x900;Mozilla/5.0 (Windows NT 5.1) AppleWebKit/537.36 (KHTML, like Gecko) Chrome/49.0.2623.112 Safari/537.36;2016-07-05T05:11:10-04:00;80;RJRMNB
32;1024x560;NZFTZX;High School;female;1024x600;Mozilla/5.0 (Windows NT 6.1) AppleWebKit/537.36 (KHTML, like Gecko) Chrome/51.0.2704.103 Safari/537.36;2016-07-05T04:04:29-05:00;81;NZFTZX
36;1366x728;EHKRTI;BA;male;1366x768;"Mozilla/5.0 (Windows NT 6.1; WOW64) AppleWebKit/537.36 (KHTML, like Gecko) Chrome/51.0.2704.103 Safari/537.36";2016-07-05T10:09:38+01:00;82;EHKRTI
27;1280x773;UNZTDR;College graduate, BA;male;1280x800;"Mozilla/5.0 (Macintosh; Intel Mac OS X 10.10; rv:47.0) Gecko/20100101 Firefox/47.0";2016-07-05T02:07:32-07:00;83;UNZTDR
34;1024x728;OOLGVK;bachelor s degree;male;1024x768;Mozilla/5.0 (Windows NT 6.1) AppleWebKit/537.36 (KHTML, like Gecko) Chrome/51.0.2704.103 Safari/537.36;2016-07-05T05:12:39-04:00;84;OOLGVK
32;1366x728;LSAVJB;High School;female;1366x768;"Mozilla/5.0 (Windows NT 6.1; rv:47.0) Gecko/20100101 Firefox/47.0";2016-07-05T11:13:56+02:00;85;LSAVJB
43;1600x860;HRGNUJ;associate s degree;female;1600x900;"Mozilla/5.0 (Windows NT 10.0; WOW64) AppleWebKit/537.36 (KHTML, like Gecko) Chrome/51.0.2704.103 Safari/537.36";2016-07-05T02:15:17-07:00;86;HRGNUJ
31;1366x728;OFPSFT;Bachelor Degree;female;1366x768;"Mozilla/5.0 (Windows NT 6.3; Win64; x64) AppleWebKit/537.36 (KHTML, like Gecko) Chrome/51.0.2704.103 Safari/537.36";2016-07-05T01:15:53-08:00;87;OFPSFT
21;320x548;UINQFE;Senior in College;female;320x568;"Mozilla/5.0 (iPhone; CPU iPhone OS 9_3_2 like Mac OS X) AppleWebKit/601.1.46 (KHTML, like Gecko) Version/9.0 Mobile/13F69 Safari/601.1";2016-07-05T04:18:35-05:00;88;UINQFE
21;320x548;UINQFE;Senior in College;female;320x568;"Mozilla/5.0 (iPhone; CPU iPhone OS 9_3_2 like Mac OS X) AppleWebKit/601.1.46 (KHTML, like Gecko) Version/9.0 Mobile/13F69 Safari/601.1";2016-07-05T04:18:35-05:00;88;UINQFE
25;1440x819;DHWBLW;College graduate;female;1440x900;"Mozilla/5.0 (Macintosh; Intel Mac OS X 10_11_5) AppleWebKit/537.36 (KHTML, like Gecko) Chrome/51.0.2704.103 Safari/537.36";2016-07-05T02:19:50-07:00;89;DHWBLW
23;1366x728;FHFQCN;bachelor degree ;female;1366x768;Mozilla/5.0 (Windows NT 6.1) AppleWebKit/537.36 (KHTML, like Gecko) Chrome/51.0.2704.103 Safari/537.36;2016-07-05T14:50:33+05:30;90;FHFQCN
26;1280x775;HJLFWC;Highschool Graduate;male;1280x800;"Mozilla/5.0 (X11; Ubuntu; Linux x86_64; rv:42.0) Gecko/20100101 Firefox/42.0";2016-07-05T14:51:36+05:30;91;HJLFWC
32;1920x1040;QAJHLS;Masters;male;1920x1080;"Mozilla/5.0 (Windows NT 10.0; WOW64) AppleWebKit/537.36 (KHTML, like Gecko) Chrome/51.0.2704.103 Safari/537.36";2016-07-05T05:22:50-04:00;92;QAJHLS
31;360x592;XTVGVA;Doctorate;male;360x592;"Mozilla/5.0 (Linux; Android 5.0.2; HTC_One_M8/4.28.502.8 Build/LRX22G) AppleWebKit/537.36 (KHTML, like Gecko) Version/4.0 Chrome/33.0.0.0 Mobile Safari/537.36";2016-07-05T05:23:16-04:00;93;XTVGVA
27;1440x870;DDNYGP;High school graduate;male;1440x900;"Mozilla/5.0 (Windows NT 6.1; WOW64; rv:47.0) Gecko/20100101 Firefox/47.0";2016-07-05T04:24:30-05:00;94;DDNYGP
27;1440x870;DDNYGP;High school graduate;male;1440x900;"Mozilla/5.0 (Windows NT 6.1; WOW64; rv:47.0) Gecko/20100101 Firefox/47.0";2016-07-05T04:24:30-05:00;94;DDNYGP
25;1364x728;GSFHJZ;Bachelor degree;female;1364x768;Mozilla/5.0 (Windows NT 6.2) AppleWebKit/537.36 (KHTML, like Gecko) Chrome/51.0.2704.103 Safari/537.36;2016-07-05T02:25:30-07:00;96;GSFHJZ
20;1366x768;EOZIMP;Some college;female;1366x768;"Mozilla/5.0 (Windows NT 6.1; WOW64) AppleWebKit/537.36 (KHTML, like Gecko) Chrome/51.0.2704.103 Safari/537.36";2016-07-05T02:25:30-07:00;95;EOZIMP
50;1920x1040;ILNGPU;Masters Degree;male;1920x1080;"Mozilla/5.0 (Windows NT 10.0; WOW64) AppleWebKit/537.36 (KHTML, like Gecko) Chrome/51.0.2704.103 Safari/537.36";2016-07-05T05:25:34-04:00;97;ILNGPU
30;1366x708;CQHLRL;Masters;female;1366x768;"Mozilla/5.0 (Windows NT 10.0; WOW64) AppleWebKit/537.36 (KHTML, like Gecko) Chrome/51.0.2704.103 Safari/537.36";2016-07-05T05:27:03-04:00;98;CQHLRL
55;1920x1040;IKRPHP;16;male;1920x1080;"Mozilla/5.0 (Windows NT 6.3; WOW64) AppleWebKit/537.36 (KHTML, like Gecko) Chrome/51.0.2704.106 Safari/537.36";2016-07-05T04:28:26-05:00;99;IKRPHP
60;1366x728;YVUGMK;graduate degree;female;1366x768;"Mozilla/5.0 (Windows NT 10.0; WOW64) AppleWebKit/537.36 (KHTML, like Gecko) Chrome/51.0.2704.103 Safari/537.36";2016-07-05T05:28:28-04:00;100;YVUGMK
25;1366x728;JYOXRB;graduation;female;1366x768;Mozilla/5.0 (Windows NT 6.1) AppleWebKit/537.36 (KHTML, like Gecko) Chrome/51.0.2704.103 Safari/537.36;2016-07-05T14:59:11+05:30;101;JYOXRB
44;1280x976;WLMUCA;some college, no degree;female;1280x1024;"Mozilla/5.0 (Windows NT 6.1; WOW64) AppleWebKit/537.36 (KHTML, like Gecko) Chrome/50.0.2661.94 Safari/537.36";2016-07-05T05:29:24-04:00;102;WLMUCA
24;1440x856;SKLMFU;High School Diploma;female;1440x900;"Mozilla/5.0 (Windows NT 6.1; WOW64) AppleWebKit/537.36 (KHTML, like Gecko) Chrome/49.0.2600.0 Iron Safari/537.36";2016-07-05T04:31:25-05:00;103;SKLMFU
44;1680x1020;MUXPCH;Masters;male;1680x1050;"Mozilla/5.0 (Windows NT 6.0; WOW64) AppleWebKit/537.36 (KHTML, like Gecko) Chrome/49.0.2623.112 Safari/537.36";2016-07-05T05:32:01-04:00;104;MUXPCH
37;1680x1002;AEEMGE;PhD;female;1680x1050;"Mozilla/5.0 (Macintosh; Intel Mac OS X 10_10_5) AppleWebKit/537.36 (KHTML, like Gecko) Chrome/51.0.2704.103 Safari/537.36";2016-07-05T10:32:06+01:00;105;AEEMGE
31;1920x1080;RMYQYN;Doctorate;male;1920x1080;"Mozilla/5.0 (Windows NT 10.0; WOW64) AppleWebKit/537.36 (KHTML, like Gecko) Chrome/51.0.2704.103 Safari/537.36";2016-07-05T05:32:32-04:00;107;RMYQYN
31;1920x1080;FQZTGM;Doctorate;male;1920x1080;"Mozilla/5.0 (Windows NT 10.0; WOW64) AppleWebKit/537.36 (KHTML, like Gecko) Chrome/51.0.2704.103 Safari/537.36";2016-07-05T05:32:56-04:00;108;FQZTGM
25;1024x552;TZVVGL;15;male;1024x552;"Mozilla/5.0 (Android 4.2.2; Tablet; rv:47.0) Gecko/47.0 Firefox/47.0";2016-07-05T02:32:27-07:00;106;TZVVGL
41;1366x728;ZDPRGD;Bachelor s degree;female;1366x768;"Mozilla/5.0 (Windows NT 6.1; WOW64; Trident/7.0; SLCC2; .NET CLR 2.0.50727; .NET CLR 3.5.30729; .NET CLR 3.0.30729; Media Center PC 6.0; .NET4.0C; .NET4.0E; GWX:DOWNLOADED; GWX:QUALIFIED; rv:11.0) like Gecko";2016-07-05T02:34:00-07:00;109;ZDPRGD
32;1600x856;ZXHZPL;Bachelors;male;1600x900;"Mozilla/5.0 (Windows NT 6.1; WOW64) AppleWebKit/537.36 (KHTML, like Gecko) Chrome/51.0.2704.103 Safari/537.36";2016-07-05T02:34:40-07:00;111;ZXHZPL
36;1280x706;XACZFH;graduate;male;1280x800;"Mozilla/5.0 (Macintosh; Intel Mac OS X 10_9_5) AppleWebKit/537.36 (KHTML, like Gecko) Chrome/50.0.2661.94 Safari/537.36";2016-07-05T05:38:47-04:00;112;XACZFH
32;1366x728;TJLROQ;Bachelor s degree;male;1366x768;"Mozilla/5.0 (Windows NT 10.0; WOW64) AppleWebKit/537.36 (KHTML, like Gecko) Chrome/51.0.2704.103 Safari/537.36";2016-07-05T04:36:02-05:00;113;TJLROQ
31;360x640;HRJJAH;Bachelor Degree;male;360x640;"Mozilla/5.0 (Linux; Android 5.0.1; SAMSUNG-SGH-I337 Build/LRX22C) AppleWebKit/537.36 (KHTML, like Gecko) Chrome/49.0.2623.105 Mobile Safari/537.36";2016-07-05T05:36:40-04:00;114;HRJJAH
43;1280x760;JPXCCB;Masters;male;1280x800;"Mozilla/5.0 (Windows NT 10.0; rv:47.0) Gecko/20100101 Firefox/47.0";2016-07-05T05:38:56-04:00;115;JPXCCB
34;1920x1040;LDWWLK;bs degree;male;1920x1080;"Mozilla/5.0 (Windows NT 6.1; WOW64) AppleWebKit/537.36 (KHTML, like Gecko) Chrome/51.0.2704.103 Safari/537.36";2016-07-05T02:41:50-07:00;116;LDWWLK
60;1280x984;BYAUWA;B.A.;male;1280x1024;"Mozilla/5.0 (Windows NT 6.1; WOW64; Trident/7.0; SLCC2; .NET CLR 2.0.50727; .NET CLR 3.5.30729; .NET CLR 3.0.30729; Media Center PC 6.0; .NET4.0C; .NET4.0E; BRI/2; A7F; rv:11.0) like Gecko";2016-07-05T05:42:42-04:00;117;BYAUWA
43;1366x721;SPPAEQ;college;female;1366x768;"Mozilla/5.0 (X11; CrOS x86_64 8172.60.0) AppleWebKit/537.36 (KHTML, like Gecko) Chrome/51.0.2704.103 Safari/537.36";2016-07-05T10:45:34+01:00;118;SPPAEQ
37;360x640;SNEQFN;high school diploma;female;360x640;"Mozilla/5.0 (Linux; Android 6.0; LG-H631 Build/MRA58K) AppleWebKit/537.36 (KHTML, like Gecko) Version/4.0 Chrome/38.0.2125.102 Mobile Safari/537.36";2016-07-05T05:47:09-04:00;119;SNEQFN
37;1366x738;BBFJUU;High School Diploma;female;1366x768;"Mozilla/5.0 (Windows NT 6.2; WOW64) AppleWebKit/537.36 (KHTML, like Gecko) Chrome/51.0.2704.103 Safari/537.36";2016-07-05T05:49:18-04:00;120;BBFJUU
27;1533x864;IIBMKM;Some college;female;1536x864;"Mozilla/5.0 (X11; CrOS armv7l 8172.60.0) AppleWebKit/537.36 (KHTML, like Gecko) Chrome/51.0.2704.103 Safari/537.36";2016-07-05T05:50:36-04:00;121;IIBMKM
34;1670x904;MCIOIM;AA;male;1670x939;"Mozilla/5.0 (Windows NT 6.1; WOW64; Trident/7.0; SLCC2; .NET CLR 2.0.50727; .NET CLR 3.5.30729; .NET CLR 3.0.30729; Media Center PC 6.0; McAfee; .NET4.0C; .NET4.0E; GWX:DOWNLOADED; GWX:RESERVED; GWX:QUALIFIED; rv:11.0) like Gecko";2016-07-05T04:51:44-05:00;122;MCIOIM
32;412x732;PCXPLJ;Some college ;female;412x732;"Mozilla/5.0 (Linux; Android 6.0.1; SM-N920P Build/MMB29K) AppleWebKit/537.36 (KHTML, like Gecko) Chrome/51.0.2704.81 Mobile Safari/537.36";2016-07-05T05:52:25-04:00;123;PCXPLJ
34;1366x728;HZTPOX;high school;female;1366x768;"Mozilla/5.0 (Windows NT 10.0; WOW64) AppleWebKit/537.36 (KHTML, like Gecko) Chrome/51.0.2704.103 Safari/537.36";2016-07-05T02:53:47-07:00;124;HZTPOX
34;1920x1040;SLLJUA;Associates;male;1920x1080;"Mozilla/5.0 (Windows NT 6.1; Win64; x64) AppleWebKit/537.36 (KHTML, like Gecko) Chrome/51.0.2704.106 Safari/537.36";2016-07-05T04:54:26-05:00;126;SLLJUA
41;1366x728;ZQFMRZ;BA;female;1366x768;"Mozilla/5.0 (Windows NT 6.3; Win64; x64) AppleWebKit/537.36 (KHTML, like Gecko) Chrome/51.0.2704.103 Safari/537.36";2016-07-05T02:55:57-07:00;127;ZQFMRZ
31;360x640;RPJKER;Associate s ;female;360x640;"Mozilla/5.0 (Linux; Android 6.0; XT1585 Build/MCK24.78-13.16) AppleWebKit/537.36 (KHTML, like Gecko) Chrome/51.0.2704.81 Mobile Safari/537.36";2016-07-05T05:57:01-04:00;129;RPJKER
44;1680x1046;LSRKCR;some college;male;1680x1050;"Mozilla/5.0 (Macintosh; Intel Mac OS X 10_11_4) AppleWebKit/537.36 (KHTML, like Gecko) Chrome/51.0.2704.103 Safari/537.36";2016-07-05T05:57:08-04:00;130;LSRKCR
54;1280x683;GYDEKW;2 year degree ;male;1280x720;"Mozilla/5.0 (Windows NT 6.1; WOW64; rv:47.0) Gecko/20100101 Firefox/47.0";2016-07-05T04:56:27-05:00;128;GYDEKW
30;1366x728;DKPOBV;B.A.;male;1366x768;"Mozilla/5.0 (Windows NT 6.1; WOW64; rv:47.0) Gecko/20100101 Firefox/47.0";2016-07-05T05:57:58-04:00;131;DKPOBV
25;1600x860;QKWZVE;BFA;female;1600x900;"Mozilla/5.0 (Windows NT 10.0; WOW64; rv:47.0) Gecko/20100101 Firefox/47.0";2016-07-05T04:58:01-05:00;132;QKWZVE
28;1600x860;MRYSWB;Bachelors degree;female;1600x900;"Mozilla/5.0 (Windows NT 10.0; WOW64) AppleWebKit/537.36 (KHTML, like Gecko) Chrome/51.0.2704.103 Safari/537.36";2016-07-05T04:59:36-05:00;134;MRYSWB
26;1366x728;IHBIUX;some college;female;1366x768;"Mozilla/5.0 (Windows NT 6.1; WOW64) AppleWebKit/537.36 (KHTML, like Gecko) Chrome/51.0.2704.103 Safari/537.36";2016-07-05T05:00:12-05:00;135;IHBIUX
26;1366x728;IHBIUX;some college;female;1366x768;"Mozilla/5.0 (Windows NT 6.1; WOW64) AppleWebKit/537.36 (KHTML, like Gecko) Chrome/51.0.2704.103 Safari/537.36";2016-07-05T05:00:12-05:00;135;IHBIUX
34;1366x768;TPWJEW;Some College ;male;1366x768;"Mozilla/5.0 (Windows NT 10.0; WOW64) AppleWebKit/537.36 (KHTML, like Gecko) Chrome/51.0.2704.103 Safari/537.36";2016-07-05T06:03:09-04:00;136;TPWJEW
29;1024x748;THHGGA;High school ged ;female;768x1024;"Mozilla/5.0 (iPad; CPU OS 9_3_2 like Mac OS X) AppleWebKit/601.1 (KHTML, like Gecko) CriOS/51.0.2704.104 Mobile/13F69 Safari/601.1.46";2016-07-05T06:06:05-04:00;137;THHGGA
37;1366x768;YOMJWI;2 associates degrees;female;1366x768;"Mozilla/5.0 (Windows NT 10.0; Win64; x64) AppleWebKit/537.36 (KHTML, like Gecko) Chrome/51.0.2704.103 Safari/537.36";2016-07-05T02:08:04-08:00;138;YOMJWI
44;1600x860;LUTTQW;master s;female;1600x900;"Mozilla/5.0 (Windows NT 10.0; WOW64) AppleWebKit/537.36 (KHTML, like Gecko) Chrome/51.0.2704.103 Safari/537.36";2016-07-05T06:12:38-04:00;139;LUTTQW
40;1600x900;PWHNDI;BA;male;1600x900;"Mozilla/5.0 (Windows NT 6.1; WOW64; rv:47.0) Gecko/20100101 Firefox/47.0";2016-07-05T06:12:59-04:00;140;PWHNDI
39;1366x728;SVXAQY;Bachelor s Degree;male;1366x768;"Mozilla/5.0 (Windows NT 10.0; WOW64) AppleWebKit/537.36 (KHTML, like Gecko) Chrome/51.0.2704.103 Safari/537.36";2016-07-05T17:13:28+07:00;141;SVXAQY
49;1366x728;XAFJAH;Associate degree;female;1366x768;"Mozilla/5.0 (Windows NT 6.1; WOW64) AppleWebKit/537.36 (KHTML, like Gecko) Chrome/51.0.2704.103 Safari/537.36";2016-07-05T05:13:49-05:00;142;XAFJAH
29;2552x1554;QKAHZX;some college;female;2560x1600;"Mozilla/5.0 (Macintosh; Intel Mac OS X 10.11; rv:47.0) Gecko/20100101 Firefox/47.0";2016-07-05T06:14:06-04:00;143;QKAHZX
60;1366x1004;IKPTVD;BA;male;1024x1366;"Mozilla/5.0 (iPad; CPU OS 9_3_2 like Mac OS X) AppleWebKit/601.1.46 (KHTML, like Gecko) Version/9.0 Mobile/13F69 Safari/601.1";2016-07-05T06:16:20-04:00;144;IKPTVD
56;1600x860;CBVBYA;College;female;1600x900;"Mozilla/5.0 (Windows NT 10.0; WOW64; rv:47.0) Gecko/20100101 Firefox/47.0";2016-07-05T06:16:35-04:00;145;CBVBYA
60;1366x1004;IKPTVD;BA;male;1024x1366;"Mozilla/5.0 (iPad; CPU OS 9_3_2 like Mac OS X) AppleWebKit/601.1.46 (KHTML, like Gecko) Version/9.0 Mobile/13F69 Safari/601.1";2016-07-05T06:16:20-04:00;144;IKPTVD
28;375x647;PQLOER;Bachelors ;male;375x667;"Mozilla/5.0 (iPhone; CPU iPhone OS 9_3_2 like Mac OS X) AppleWebKit/601.1.46 (KHTML, like Gecko) Version/9.0 Mobile/13F69 Safari/601.1";2016-07-05T06:18:50-04:00;146;PQLOER
33;1680x1010;CTCHNM;High School Diploma;male;1680x1050;"Mozilla/5.0 (Windows NT 6.1; WOW64) AppleWebKit/537.36 (KHTML, like Gecko) Chrome/51.0.2704.106 Safari/537.36";2016-07-05T06:19:11-04:00;147;CTCHNM
33;1024x768;BABSBC;diploma;male;1024x768;"Mozilla/5.0 (Windows NT 5.1; rv:47.0) Gecko/20100101 Firefox/47.0";2016-07-05T06:21:19-04:00;148;BABSBC
42;1366x728;IITHNK;Bachelor s degree;female;1366x768;"Mozilla/5.0 (Windows NT 10.0; Win64; x64) AppleWebKit/537.36 (KHTML, like Gecko) Chrome/51.0.2704.103 Safari/537.36";2016-07-05T11:22:11+01:00;149;IITHNK
52;1152x834;DUSNPS;Tech School;male;1152x864;Mozilla/5.0 (Windows NT 5.1) AppleWebKit/537.36 (KHTML, like Gecko) Chrome/49.0.2623.112 Safari/537.36;2016-07-05T06:23:47-04:00;150;DUSNPS
26;1920x1040;GFXCEU;Masters;male;1920x1080;"Mozilla/5.0 (Windows NT 10.0; WOW64) AppleWebKit/537.36 (KHTML, like Gecko) Chrome/51.0.2704.103 Safari/537.36";2016-07-05T11:22:15+01:00;151;GFXCEU
38;1280x800;EMBMUO;university degree;male;1280x800;Mozilla/5.0 (Windows NT 10.0) AppleWebKit/537.36 (KHTML, like Gecko) Chrome/51.0.2704.103 Safari/537.36;2016-07-05T06:24:29-04:00;152;EMBMUO
35;375x647;XLZPNS;Bachelor;male;375x667;"Mozilla/5.0 (iPhone; CPU iPhone OS 9_3_2 like Mac OS X) AppleWebKit/601.1.46 (KHTML, like Gecko) Version/9.0 Mobile/13F69 Safari/601.1";2016-07-05T06:25:12-04:00;153;XLZPNS
36;570x320;HMQAXH;Some College;male;570x320;"Mozilla/5.0 (Linux; Android 5.1.1; LGL52VL Build/LMY47V) AppleWebKit/537.36 (KHTML, like Gecko) Chrome/51.0.2704.81 Mobile Safari/537.36";2016-07-05T06:25:36-04:00;154;HMQAXH
26;1280x984;XRURAU;college degree;female;1280x1024;Mozilla/5.0 (Windows NT 6.1) AppleWebKit/537.36 (KHTML, like Gecko) Chrome/51.0.2704.103 Safari/537.36;2016-07-05T05:25:59-05:00;155;XRURAU
35;1366x728;FMZJTZ;College;male;1366x768;"Mozilla/5.0 (Windows NT 10.0; WOW64; rv:47.0) Gecko/20100101 Firefox/47.0";2016-07-05T15:26:38+05:00;156;FMZJTZ
63;1680x955;SPPASF;master;female;1680x1050;"Mozilla/5.0 (Macintosh; Intel Mac OS X 10_7_5) AppleWebKit/537.36 (KHTML, like Gecko) Chrome/49.0.2623.112 Safari/537.36";2016-07-05T06:26:50-04:00;157;SPPASF
63;1680x955;VPVQXK;master s degree;female;1680x1050;"Mozilla/5.0 (Macintosh; Intel Mac OS X 10_7_5) AppleWebKit/537.36 (KHTML, like Gecko) Chrome/49.0.2623.112 Safari/537.36";2016-07-05T06:27:13-04:00;158;VPVQXK
35;1366x728;WPNNCK;Master s;male;1366x768;"Mozilla/5.0 (Windows NT 6.1; WOW64; rv:47.0) Gecko/20100101 Firefox/47.0";2016-07-05T06:28:31-04:00;159;WPNNCK
36;1280x728;ZKVYNX;Masters;female;1280x800;"Mozilla/5.0 (Macintosh; Intel Mac OS X 10_10_4) AppleWebKit/600.7.12 (KHTML, like Gecko) Version/8.0.7 Safari/600.7.12";2016-07-05T06:28:43-04:00;160;ZKVYNX
55;1400x1020;HXSNBQ;Associate Degree  AS ;male;1400x1050;"Mozilla/5.0 (Windows NT 6.0; rv:47.0) Gecko/20100101 Firefox/47.0";2016-07-05T06:29:17-04:00;161;HXSNBQ
49;1303x693;ZGNHXL;Associate;male;1303x731;"Mozilla/5.0 (Windows NT 6.3; Trident/7.0; Touch; .NET4.0E; .NET4.0C; .NET CLR 3.5.30729; .NET CLR 2.0.50727; .NET CLR 3.0.30729; Tablet PC 2.0; GWX:QUALIFIED; rv:11.0) like Gecko";2016-07-05T06:29:49-04:00;162;
49;1303x693;ZHKDJM;Associate;male;1303x731;"Mozilla/5.0 (Windows NT 6.3; Trident/7.0; Touch; .NET4.0E; .NET4.0C; .NET CLR 3.5.30729; .NET CLR 2.0.50727; .NET CLR 3.0.30729; Tablet PC 2.0; GWX:QUALIFIED; rv:11.0) like Gecko";2016-07-05T06:31:03-04:00;163;ZHKDJM
33;1366x728;BMEPPF;MS;male;1366x768;"Mozilla/5.0 (Windows NT 6.1; WOW64) AppleWebKit/537.36 (KHTML, like Gecko) Chrome/51.0.2704.103 Safari/537.36";2016-07-05T06:32:36-04:00;164;BMEPPF
49;1982x1055;QRRZRR;Associate;male;1982x1113;"Mozilla/5.0 (Windows NT 6.3; Trident/7.0; Touch; .NET4.0E; .NET4.0C; .NET CLR 3.5.30729; .NET CLR 2.0.50727; .NET CLR 3.0.30729; Tablet PC 2.0; GWX:QUALIFIED; rv:11.0) like Gecko";2016-07-05T06:32:56-04:00;165;QRRZRR
66;1280x800;JZUZRS;college ;male;1280x800;"Mozilla/5.0 (Linux; Android 5.0.2; SAMSUNG SM-T530NU Build/LRX22G) AppleWebKit/537.36 (KHTML, like Gecko) SamsungBrowser/3.3 Chrome/38.0.2125.102 Safari/537.36";2016-07-05T06:35:54-04:00;166;JZUZRS
47;1366x728;KOZHPC;Bachelor s Degree;female;1366x768;"Mozilla/5.0 (Windows NT 10.0; WOW64) AppleWebKit/537.36 (KHTML, like Gecko) Chrome/51.0.2704.103 Safari/537.36";2016-07-05T05:36:58-05:00;167;KOZHPC
50;1600x860;NODQCN;college grad ;male;1600x900;Mozilla/5.0 (Windows NT 10.0) AppleWebKit/537.36 (KHTML, like Gecko) Chrome/51.0.2704.103 Safari/537.36;2016-07-05T03:39:41-07:00;168;NODQCN
46;1366x728;XCBWDK;high school;male;1366x768;"Mozilla/5.0 (Windows NT 6.1; WOW64) AppleWebKit/537.36 (KHTML, like Gecko) Chrome/51.0.2704.103 Safari/537.36";2016-07-05T06:41:20-04:00;169;XCBWDK
31;1600x860;FLGEMX;MA;female;1600x900;"Mozilla/5.0 (Windows NT 6.1; WOW64) AppleWebKit/537.36 (KHTML, like Gecko) Chrome/51.0.2704.103 Safari/537.36";2016-07-05T06:43:08-04:00;170;FLGEMX
25;1366x728;INEBLR;ba;female;1366x768;"Mozilla/5.0 (Windows NT 10.0; WOW64; rv:47.0) Gecko/20100101 Firefox/47.0";2016-07-05T06:44:03-04:00;171;INEBLR
31;667x375;TKSGXV;Masters ;female;375x667;"Mozilla/5.0 (iPhone; CPU iPhone OS 9_3_2 like Mac OS X) AppleWebKit/601.1.46 (KHTML, like Gecko) Version/9.0 Mobile/13F69 Safari/601.1";2016-07-05T06:44:43-04:00;172;TKSGXV
42;360x640;ENCDIE;Ba degree;male;360x640;"Mozilla/5.0 (Linux; Android 5.0.1; SM-N910V Build/LRX22C) AppleWebKit/537.36 (KHTML, like Gecko) Chrome/51.0.2704.81 Mobile Safari/537.36";2016-07-05T06:45:21-04:00;173;ENCDIE
31;1366x728;BZPRKK;Masters;male;1366x768;"Mozilla/5.0 (Windows NT 10.0; WOW64; rv:47.0) Gecko/20100101 Firefox/47.0";2016-07-05T06:46:38-04:00;174;BZPRKK
29;1366x728;KRTWKF;Bachelor s;female;1366x768;"Mozilla/5.0 (Windows NT 6.3; WOW64) AppleWebKit/537.36 (KHTML, like Gecko) Chrome/51.0.2704.103 Safari/537.36";2016-07-05T06:47:23-04:00;175;KRTWKF
34;1366x728;RKVMFG;Master s Degree;male;1366x768;"Mozilla/5.0 (Windows NT 6.1; WOW64) AppleWebKit/537.36 (KHTML, like Gecko) Chrome/51.0.2704.103 Safari/537.36";2016-07-05T06:47:51-04:00;176;RKVMFG
29;1440x860;SZAYRH;Bachelors;male;1440x900;"Mozilla/5.0 (Windows NT 6.1; WOW64; rv:47.0) Gecko/20100101 Firefox/47.0";2016-07-05T06:48:53-04:00;177;SZAYRH
45;1920x1050;LWEGOF;College;male;1920x1080;"Mozilla/5.0 (Windows NT 10.0; WOW64) AppleWebKit/537.36 (KHTML, like Gecko) Chrome/51.0.2704.103 Safari/537.36";2016-07-05T13:52:58+03:00;178;LWEGOF
26;1600x860;BDJYKJ;Some College;female;1600x900;"Mozilla/5.0 (Windows NT 10.0; WOW64; rv:47.0) Gecko/20100101 Firefox/47.0";2016-07-05T06:54:08-04:00;180;BDJYKJ
31;1600x900;RLTMKE;BS Degree;female;1600x900;"Mozilla/5.0 (Windows NT 10.0; WOW64) AppleWebKit/537.36 (KHTML, like Gecko) Chrome/51.0.2704.103 Safari/537.36";2016-07-05T06:54:16-04:00;181;RLTMKE
65;1600x860;WKBAHI;2 YEAR COLLEGE DEGREE;female;1600x900;"Mozilla/5.0 (Windows NT 10.0; WOW64) AppleWebKit/537.36 (KHTML, like Gecko) Chrome/51.0.2704.103 Safari/537.36";2016-07-05T06:55:41-04:00;183;WKBAHI
30;375x647;SXJNYJ;High school ;male;375x667;"Mozilla/5.0 (iPhone; CPU iPhone OS 9_3_2 like Mac OS X) AppleWebKit/601.1.46 (KHTML, like Gecko) Version/9.0 Mobile/13F69 Safari/601.1";2016-07-05T03:56:34-07:00;184;SXJNYJ
42;1280x984;RIWQNE;BS degree;male;1280x1024;"Mozilla/5.0 (Windows NT 10.0; Win64; x64) AppleWebKit/537.36 (KHTML, like Gecko) Chrome/51.0.2704.106 Safari/537.36";2016-07-05T06:57:10-04:00;185;RIWQNE
22;1600x860;LFJNIK;College;female;1600x900;"Mozilla/5.0 (Windows NT 6.1; WOW64) AppleWebKit/537.36 (KHTML, like Gecko) Chrome/51.0.2704.103 Safari/537.36";2016-07-05T04:57:24-06:00;186;LFJNIK
24;1920x1080;JGXEXS;BA;male;1920x1080;"Mozilla/5.0 (Windows NT 6.1; Win64; x64) AppleWebKit/537.36 (KHTML, like Gecko) Chrome/51.0.2704.103 Safari/537.36";2016-07-05T06:58:14-04:00;187;JGXEXS
48;1366x728;AQDZEL;Bachelor s degree;female;1366x768;"Mozilla/5.0 (Windows NT 6.1; WOW64) AppleWebKit/537.36 (KHTML, like Gecko) Chrome/51.0.2704.103 Safari/537.36";2016-07-05T05:58:26-05:00;188;AQDZEL
24;1920x1080;HWPYKX;BA;male;1920x1080;"Mozilla/5.0 (Windows NT 6.1; Win64; x64) AppleWebKit/537.36 (KHTML, like Gecko) Chrome/51.0.2704.103 Safari/537.36";2016-07-05T06:58:48-04:00;189;HWPYKX
51;1366x728;WMVDSN;High school gradute;female;1366x768;"Mozilla/5.0 (Windows NT 6.3; WOW64; Trident/7.0; .NET4.0E; .NET4.0C; .NET CLR 3.5.30729; .NET CLR 2.0.50727; .NET CLR 3.0.30729; TNJB; rv:11.0) like Gecko";2016-07-05T07:01:31-04:00;190;
30;1280x996;YNNIVS;High School Graduate;female;1280x1024;"Mozilla/5.0 (Windows NT 5.1; rv:47.0) Gecko/20100101 Firefox/47.0";2016-07-05T07:02:38-04:00;191;YNNIVS
31;1366x728;LLURZV;Masters;female;1366x768;"Mozilla/5.0 (Windows NT 6.1; WOW64) AppleWebKit/537.36 (KHTML, like Gecko) Chrome/51.0.2704.103 Safari/537.36";2016-07-05T05:02:22-06:00;192;LLURZV
31;1366x728;IQHHAY;United States Marine Corps;male;1366x768;"Mozilla/5.0 (Windows NT 10.0; Win64; x64) AppleWebKit/537.36 (KHTML, like Gecko) Chrome/51.0.2704.103 Safari/537.36";2016-07-05T07:03:15-04:00;194;IQHHAY
50;1920x1001;TRNTKP;College;female;1920x1080;"Mozilla/5.0 (Macintosh; Intel Mac OS X 10_11_6) AppleWebKit/537.36 (KHTML, like Gecko) Chrome/51.0.2704.103 Safari/537.36";2016-07-05T04:03:56-07:00;195;TRNTKP
19;1362x745;VDVRAB;High School;female;1366x768;"Mozilla/5.0 (Macintosh; Intel Mac OS X 10_11_5) AppleWebKit/537.36 (KHTML, like Gecko) Chrome/51.0.2704.103 Safari/537.36";2016-07-05T07:05:05-04:00;196;VDVRAB
24;1920x1040;SPLZWN;MS;male;1920x1080;"Mozilla/5.0 (Windows NT 10.0; WOW64) AppleWebKit/537.36 (KHTML, like Gecko) Chrome/51.0.2704.103 Safari/537.36";2016-07-05T06:05:16-05:00;197;SPLZWN
39;1280x990;YNERWE;College degree;male;1280x1024;"Mozilla/5.0 (Windows NT 5.1; rv:47.0) Gecko/20100101 Firefox/47.0";2016-07-05T14:05:50+03:00;198;YNERWE
22;1366x728;AENXHD;Bachloer s;female;1366x768;"Mozilla/5.0 (Windows NT 6.1; WOW64) AppleWebKit/537.36 (KHTML, like Gecko) Chrome/51.0.2704.103 Safari/537.36";2016-07-05T07:06:22-04:00;199;AENXHD
30;1366x728;WXBNDE;A Levels;male;1366x768;"Mozilla/5.0 (Windows NT 10.0; WOW64) AppleWebKit/537.36 (KHTML, like Gecko) Chrome/51.0.2704.103 Safari/537.36";2016-07-05T12:06:45+01:00;200;WXBNDE
50;1366x728;BYNJOI;High School;female;1366x768;"Mozilla/5.0 (Windows NT 10.0; WOW64; rv:47.0) Gecko/20100101 Firefox/47.0";2016-07-05T07:07:44-04:00;202;BYNJOI
42;1600x860;LDXXQH;GED;male;1600x900;"Mozilla/5.0 (Windows NT 10.0; Win64; x64) AppleWebKit/537.36 (KHTML, like Gecko) Chrome/46.0.2486.0 Safari/537.36 Edge/13.10586";2016-07-05T07:07:12-04:00;201;LDXXQH
42;1600x860;SNLISM;ged;male;1600x900;"Mozilla/5.0 (Windows NT 10.0; Win64; x64) AppleWebKit/537.36 (KHTML, like Gecko) Chrome/46.0.2486.0 Safari/537.36 Edge/13.10586";2016-07-05T07:08:55-04:00;204;SNLISM
31;1920x1040;QSIJMJ;some college;female;1920x1080;"Mozilla/5.0 (Windows NT 6.1; WOW64) AppleWebKit/537.36 (KHTML, like Gecko) Chrome/51.0.2704.103 Safari/537.36";2016-07-05T07:08:53-04:00;203;QSIJMJ
50;800x564;QVOBPQ;BA;male;800x600;Mozilla/5.0 (Windows NT 5.1) AppleWebKit/537.36 (KHTML, like Gecko) Chrome/49.0.2623.112 Safari/537.36;2016-07-05T07:14:19-04:00;205;QVOBPQ
61;1280x706;LPYPSV;BS;female;1280x800;"Mozilla/5.0 (Macintosh; Intel Mac OS X 10_9_4) AppleWebKit/537.36 (KHTML, like Gecko) Chrome/51.0.2704.103 Safari/537.36";2016-07-05T07:14:14-04:00;206;LPYPSV
26;375x647;WDZCBC;Bachelor;female;375x667;"Mozilla/5.0 (iPhone; CPU iPhone OS 9_3_2 like Mac OS X) AppleWebKit/601.1.46 (KHTML, like Gecko) Version/9.0 Mobile/13F69 Safari/601.1";2016-07-05T07:14:51-04:00;208;WDZCBC
28;1280x760;QDBLQZ;Bachelor s Degree;female;1280x800;"Mozilla/5.0 (Windows NT 6.1; Win64; x64) AppleWebKit/537.36 (KHTML, like Gecko) Chrome/51.0.2704.106 Safari/537.36";2016-07-05T04:14:49-07:00;207;QDBLQZ
37;1440x860;ZUQKNO;high school;female;1440x900;"Mozilla/5.0 (Windows NT 6.1; WOW64) AppleWebKit/537.36 (KHTML, like Gecko) Chrome/51.0.2704.103 Safari/537.36";2016-07-05T06:16:01-05:00;209;ZUQKNO
36;1280x960;FVTYJC;high school diploma;female;1280x960;Mozilla/5.0 (Windows NT 6.1) AppleWebKit/537.36 (KHTML, like Gecko) Chrome/51.0.2704.103 Safari/537.36;2016-07-05T06:16:45-05:00;210;FVTYJC
36;1280x960;FVTYJC;high school diploma;female;1280x960;Mozilla/5.0 (Windows NT 6.1) AppleWebKit/537.36 (KHTML, like Gecko) Chrome/51.0.2704.103 Safari/537.36;2016-07-05T06:16:45-05:00;210;FVTYJC
51;1366x728;SQDQLH;high school;female;1366x768;"Mozilla/5.0 (Windows NT 10.0; WOW64) AppleWebKit/537.36 (KHTML, like Gecko) Chrome/51.0.2704.103 Safari/537.36";2016-07-05T04:17:00-07:00;211;SQDQLH
55;1024x600;QWZYGF;College;male;1024x600;Mozilla/5.0 (Windows NT 6.1) AppleWebKit/537.36 (KHTML, like Gecko) Chrome/51.0.2704.103 Safari/537.36;2016-07-05T07:18:37-04:00;212;QWZYGF
30;1024x748;DBOLDC;Graduate degree;female;768x1024;"Mozilla/5.0 (iPad; CPU OS 9_2 like Mac OS X) AppleWebKit/601.1.46 (KHTML, like Gecko) Version/9.0 Mobile/13C75 Safari/601.1";2016-07-05T07:19:23-04:00;213;DBOLDC
28;1366x728;NXXIDY;College Graduate;female;1366x768;"Mozilla/5.0 (Windows NT 10.0; WOW64) AppleWebKit/537.36 (KHTML, like Gecko) Chrome/51.0.2704.103 Safari/537.36";2016-07-05T07:20:34-04:00;214;NXXIDY
31;1440x836;FUQLVG;phd;female;1440x900;"Mozilla/5.0 (Macintosh; Intel Mac OS X 10_10_5) AppleWebKit/537.36 (KHTML, like Gecko) Chrome/51.0.2704.103 Safari/537.36";2016-07-05T07:20:57-04:00;215;FUQLVG
23;1536x824;SJCAPM;Some post graduate college;male;1536x864;"Mozilla/5.0 (Windows NT 10.0; WOW64; rv:47.0) Gecko/20100101 Firefox/47.0";2016-07-05T07:21:21-04:00;216;SJCAPM
34;1366x738;DCOUOW;MBA;male;1366x768;"Mozilla/5.0 (Windows NT 10.0; Trident/7.0; .NET4.0C; .NET4.0E; .NET CLR 2.0.50727; .NET CLR 3.0.30729; .NET CLR 3.5.30729; InfoPath.2; SLCC2; Media Center PC 6.0; InfoPath.3; rv:11.0) like Gecko";2016-07-05T13:21:22+02:00;218;DCOUOW
68;1920x1080;GLBAWD;high school;male;1920x1080;"Mozilla/5.0 (Windows NT 6.3; WOW64) AppleWebKit/537.36 (KHTML, like Gecko) Chrome/51.0.2704.103 Safari/537.36";2016-07-05T07:20:28-04:00;217;GLBAWD
30;1280x716;WANZEQ;Graduate school;female;1280x800;"Mozilla/5.0 (Macintosh; Intel Mac OS X 10_10_5) AppleWebKit/601.4.4 (KHTML, like Gecko) Version/9.0.3 Safari/601.4.4";2016-07-05T07:21:54-04:00;219;WANZEQ
38;1920x1080;ICVVRF;college;male;1920x1080;"Mozilla/5.0 (Windows NT 6.1; WOW64) AppleWebKit/537.36 (KHTML, like Gecko) Chrome/51.0.2704.103 Safari/537.36";2016-07-05T07:22:30-04:00;220;ICVVRF
38;1920x1080;JLXHBP;college;female;1920x1080;"Mozilla/5.0 (Windows NT 6.1; WOW64; Trident/7.0; SLCC2; .NET CLR 2.0.50727; .NET CLR 3.5.30729; .NET CLR 3.0.30729; Media Center PC 6.0; .NET4.0C; .NET4.0E; InfoPath.3; GWX:QUALIFIED; rv:11.0) like Gecko";2016-07-05T07:22:35-04:00;222;JLXHBP
34;1366x738;ODOHTD;MBA;male;1366x768;"Mozilla/5.0 (Windows NT 10.0; Trident/7.0; .NET4.0C; .NET4.0E; .NET CLR 2.0.50727; .NET CLR 3.0.30729; .NET CLR 3.5.30729; InfoPath.2; SLCC2; Media Center PC 6.0; InfoPath.3; rv:11.0) like Gecko";2016-07-05T13:22:51+02:00;223;ODOHTD
58;1920x1080;JVLTDQ;high school;female;1920x1080;"Mozilla/5.0 (Windows NT 6.3; WOW64; Trident/7.0; Touch; .NET4.0E; .NET4.0C; .NET CLR 3.5.30729; .NET CLR 2.0.50727; .NET CLR 3.0.30729; HPNTDFJS; H9P; Tablet PC 2.0; InfoPath.3; GWX:DOWNLOADED; GWX:RESERVED; GWX:QUALIFIED; rv:11.0) like Gecko";2016-07-05T07:22:16-04:00;225;JVLTDQ
37;601x962;GIIJVO;Some college;female;601x962;"Mozilla/5.0 (Linux; Android 6.0; LG-V495 Build/MRA58K) AppleWebKit/537.36 (KHTML, like Gecko) Chrome/51.0.2704.81 Safari/537.36";2016-07-05T04:23:00-07:00;224;GIIJVO
30;768x1004;QJOZDX;Graduate;female;768x1024;"Mozilla/5.0 (iPad; CPU OS 9_3_2 like Mac OS X) AppleWebKit/601.1 (KHTML, like Gecko) CriOS/50.0.2661.95 Mobile/13F69 Safari/601.1.46";2016-07-05T06:23:27-05:00;226;QJOZDX
32;1440x830;XBIAXO;bachelors degree;female;1440x900;"Mozilla/5.0 (Macintosh; Intel Mac OS X 10.10; rv:45.0) Gecko/20100101 Firefox/45.0";2016-07-05T07:24:51-04:00;221;XBIAXO
31;375x647;XYMOXV;Professional school;male;375x667;"Mozilla/5.0 (iPhone; CPU iPhone OS 9_3_2 like Mac OS X) AppleWebKit/601.1.46 (KHTML, like Gecko) Version/9.0 Mobile/13F69 Safari/601.1";2016-07-05T07:24:50-04:00;227;XYMOXV
24;1366x728;MGOPEG;some college ;female;1366x768;"Mozilla/5.0 (Windows NT 10.0; WOW64) AppleWebKit/537.36 (KHTML, like Gecko) Chrome/51.0.2704.103 Safari/537.36";2016-07-05T07:25:57-04:00;228;MGOPEG
30;1366x728;LGCSAB;college;female;1366x768;Mozilla/5.0 (Windows NT 6.1) AppleWebKit/537.36 (KHTML, like Gecko) Chrome/51.0.2704.106 Safari/537.36;2016-07-05T06:26:03-05:00;229;LGCSAB
34;1366x728;IXSQBQ;grad school;female;1366x768;"Mozilla/5.0 (Windows NT 10.0; WOW64) AppleWebKit/537.36 (KHTML, like Gecko) Chrome/51.0.2704.103 Safari/537.36";2016-07-05T06:26:18-05:00;230;IXSQBQ
53;1366x728;AJWUGX;college graduate;female;1366x768;"Mozilla/5.0 (Windows NT 10.0; WOW64; Trident/7.0; Touch; .NET4.0C; .NET4.0E; .NET CLR 2.0.50727; .NET CLR 3.0.30729; .NET CLR 3.5.30729; Tablet PC 2.0; rv:11.0) like Gecko";2016-07-05T07:27:38-04:00;231;AJWUGX
53;1024x740;SGWGLB;12;female;1024x768;Mozilla/5.0 (Windows NT 5.1) AppleWebKit/537.36 (KHTML, like Gecko) Chrome/34.0.1847.137 Safari/537.36;2016-07-05T06:28:00-05:00;232;SGWGLB
44;1920x1040;QEDAQC;college graduate;female;1920x1080;"Mozilla/5.0 (Windows NT 6.1; WOW64; rv:47.0) Gecko/20100101 Firefox/47.0";2016-07-05T07:28:14-04:00;234;QEDAQC
24;1366x728;PBWRQT;some college ;female;1366x768;"Mozilla/5.0 (Windows NT 10.0; WOW64) AppleWebKit/537.36 (KHTML, like Gecko) Chrome/51.0.2704.103 Safari/537.36";2016-07-05T07:28:19-04:00;233;PBWRQT
53;1366x728;UIDHIL;college graduate;female;1366x768;"Mozilla/5.0 (Windows NT 10.0; Win64; x64) AppleWebKit/537.36 (KHTML, like Gecko) Chrome/51.0.2704.103 Safari/537.36";2016-07-05T07:29:27-04:00;236;UIDHIL
31;1600x860;ECTXRJ;some high school;male;1600x900;"Mozilla/5.0 (Windows NT 10.0; WOW64) AppleWebKit/537.36 (KHTML, like Gecko) Chrome/51.0.2704.103 Safari/537.36";2016-07-05T09:52:00-06:00;237;ECTXRJ
27;1280x730;JDLRXH;Master s Degree;male;1280x800;"Mozilla/5.0 (Macintosh; Intel Mac OS X 10_9_5) AppleWebKit/537.36 (KHTML, like Gecko) Chrome/50.0.2661.86 Safari/537.36";2016-07-05T07:29:12-04:00;235;JDLRXH
53;1024x740;UXYWGO;12;female;1024x768;Mozilla/5.0 (Windows NT 5.1) AppleWebKit/537.36 (KHTML, like Gecko) Chrome/34.0.1847.137 Safari/537.36;2016-07-05T06:30:27-05:00;239;UXYWGO
53;1024x740;UXYWGO;12;female;1024x768;Mozilla/5.0 (Windows NT 5.1) AppleWebKit/537.36 (KHTML, like Gecko) Chrome/34.0.1847.137 Safari/537.36;2016-07-05T06:30:27-05:00;239;UXYWGO
38;1024x748;XJONNT;Bachelors;female;768x1024;"Mozilla/5.0 (iPad; CPU OS 9_0_1 like Mac OS X) AppleWebKit/601.1.46 (KHTML, like Gecko) Version/9.0 Mobile/13A404 Safari/601.1";2016-07-05T06:29:59-05:00;238;XJONNT
35;1440x792;GEYOLC;PhD;male;1440x900;"Mozilla/5.0 (Macintosh; Intel Mac OS X 10_9_5) AppleWebKit/537.36 (KHTML, like Gecko) Chrome/51.0.2704.103 Safari/537.36";2016-07-05T07:30:35-04:00;240;GEYOLC
49;1600x876;ROLZTE;BS;male;1600x900;"Mozilla/5.0 (X11; Linux x86_64) AppleWebKit/537.36 (KHTML, like Gecko) Chrome/51.0.2704.106 Safari/537.36";2016-07-05T07:30:37-04:00;241;ROLZTE
58;1280x994;SDBUMP;high school;female;1280x1024;"Mozilla/5.0 (Windows NT 6.3; Win64; x64) AppleWebKit/537.36 (KHTML, like Gecko) Chrome/51.0.2704.103 Safari/537.36";2016-07-05T07:32:39-04:00;242;SDBUMP
38;1366x728;KZZDMK;college graduate;male;1366x768;"Mozilla/5.0 (Windows NT 6.1; WOW64) AppleWebKit/537.36 (KHTML, like Gecko) Chrome/51.0.2704.103 Safari/537.36";2016-07-05T07:33:20-04:00;243;KZZDMK
38;1366x728;BCOZKZ;bachelors;female;1366x768;"Mozilla/5.0 (Windows NT 10.0; WOW64; Trident/7.0; .NET4.0C; .NET4.0E; .NET CLR 2.0.50727; .NET CLR 3.0.30729; .NET CLR 3.5.30729; rv:11.0) like Gecko";2016-07-05T06:34:40-05:00;244;BCOZKZ
38;1920x1080;JOTCQK;college;female;1920x1080;"Mozilla/5.0 (Windows NT 6.1; WOW64) AppleWebKit/537.36 (KHTML, like Gecko) Chrome/51.0.2704.103 Safari/537.36";2016-07-05T07:35:48-04:00;245;JOTCQK
32;1024x556;WMDDWE;Juris Doctor;male;1024x600;Mozilla/5.0 (Windows NT 6.1) AppleWebKit/537.36 (KHTML, like Gecko) Chrome/51.0.2704.103 Safari/537.36;2016-07-05T07:35:54-04:00;246;WMDDWE
30;1440x860;RRGSVY;Bachelor s Degree;female;1440x900;"Mozilla/5.0 (Windows NT 6.1; rv:47.0) Gecko/20100101 Firefox/47.0";2016-07-05T07:36:32-04:00;247;RRGSVY
38;1366x728;PZRHIQ;bachelors;female;1366x768;"Mozilla/5.0 (Windows NT 10.0; WOW64; Trident/7.0; .NET4.0C; .NET4.0E; .NET CLR 2.0.50727; .NET CLR 3.0.30729; .NET CLR 3.5.30729; rv:11.0) like Gecko";2016-07-05T06:36:51-05:00;249;PZRHIQ
25;1280x774;PNUVQJ;BS in comp sci;female;1280x800;"Mozilla/5.0 (Macintosh; Intel Mac OS X 10_6_8) AppleWebKit/537.36 (KHTML, like Gecko) Chrome/49.0.2623.112 Safari/537.36";2016-07-05T07:37:10-04:00;250;PNUVQJ
41;1920x1057;NGGOKT;BA;male;1920x1080;"Mozilla/5.0 (Macintosh; Intel Mac OS X 10_11_5) AppleWebKit/601.6.17 (KHTML, like Gecko) Version/9.1.1 Safari/601.6.17";2016-07-05T07:36:43-04:00;248;NGGOKT
56;1538x900;FRHYZI;Graduated College;female;1600x900;"Mozilla/5.0 (Windows NT 6.3; WOW64; Trident/7.0; Touch; .NET4.0E; .NET4.0C; .NET CLR 3.5.30729; .NET CLR 2.0.50727; .NET CLR 3.0.30729; Tablet PC 2.0; GWX:RESERVED; GWX:QUALIFIED; rv:11.0) like Gecko";2016-07-05T06:37:31-05:00;251;FRHYZI
25;1920x979;AKQJTW;college ;male;1920x1080;"Mozilla/5.0 (Macintosh; Intel Mac OS X 10_10_0) AppleWebKit/537.36 (KHTML, like Gecko) Chrome/51.0.2704.103 Safari/537.36";2016-07-05T12:38:02+01:00;252;AKQJTW
58;1920x1080;NGCQPX;high school;female;1920x1080;"Mozilla/5.0 (Windows NT 6.3; WOW64) AppleWebKit/537.36 (KHTML, like Gecko) Chrome/51.0.2704.103 Safari/537.36";2016-07-05T07:37:20-04:00;253;NGCQPX
40;1920x1080;APWGIL;Masters;male;1920x1080;"Mozilla/5.0 (Windows NT 6.3; WOW64) AppleWebKit/537.36 (KHTML, like Gecko) Chrome/51.0.2704.103 Safari/537.36";2016-07-05T07:39:30-04:00;254;APWGIL
43;1440x860;KRAHFX;High School Graduate;male;1440x900;"Mozilla/5.0 (Windows NT 10.0; Win64; x64) AppleWebKit/537.36 (KHTML, like Gecko) Chrome/52.0.2743.60 Safari/537.36";2016-07-05T07:40:18-04:00;256;KRAHFX
41;1366x728;XTUAPR;bachelor s degree;female;1366x768;"Mozilla/5.0 (Windows NT 6.1; WOW64) AppleWebKit/537.36 (KHTML, like Gecko) Chrome/51.0.2704.103 Safari/537.36";2016-07-05T07:39:58-04:00;255;XTUAPR
34;1280x680;STKDFG;Bachelor s degree;female;1280x720;"Mozilla/5.0 (Windows NT 10.0; WOW64) AppleWebKit/537.36 (KHTML, like Gecko) Chrome/51.0.2704.103 Safari/537.36";2016-07-05T06:40:34-05:00;257;STKDFG
56;1538x900;CNZEOT;Graduated College;female;1600x900;"Mozilla/5.0 (Windows NT 6.3; WOW64; Trident/7.0; Touch; .NET4.0E; .NET4.0C; .NET CLR 3.5.30729; .NET CLR 2.0.50727; .NET CLR 3.0.30729; Tablet PC 2.0; GWX:RESERVED; GWX:QUALIFIED; rv:11.0) like Gecko";2016-07-05T06:41:00-05:00;258;CNZEOT
27;1280x730;CIOUMA;Master s Degree;male;1280x800;"Mozilla/5.0 (Macintosh; Intel Mac OS X 10_9_5) AppleWebKit/537.36 (KHTML, like Gecko) Chrome/50.0.2661.86 Safari/537.36";2016-07-05T07:41:24-04:00;260;CIOUMA
30;1920x1040;KDQGVQ;Graduated University;male;1920x1080;"Mozilla/5.0 (Windows NT 10.0; WOW64) AppleWebKit/537.36 (KHTML, like Gecko) Chrome/51.0.2704.103 Safari/537.36";2016-07-05T06:41:25-05:00;259;KDQGVQ
33;1440x799;WKWLCV;college;male;1440x900;"Mozilla/5.0 (Macintosh; Intel Mac OS X 10_11_5) AppleWebKit/601.6.17 (KHTML, like Gecko) Version/9.1.1 Safari/601.6.17";2016-07-05T07:41:47-04:00;261;WKWLCV
71;1366x728;SPVKRW;B.S. Degree;male;1366x768;"Mozilla/5.0 (Windows NT 10.0; WOW64; rv:47.0) Gecko/20100101 Firefox/47.0";2016-07-05T07:41:38-04:00;262;SPVKRW
65;1920x1040;VCJNNS;PhD;male;1920x1080;"Mozilla/5.0 (Windows NT 10.0; WOW64; rv:47.0) Gecko/20100101 Firefox/47.0";2016-07-05T07:42:45-04:00;263;VCJNNS
65;1920x1040;VCJNNS;PhD;male;1920x1080;"Mozilla/5.0 (Windows NT 10.0; WOW64; rv:47.0) Gecko/20100101 Firefox/47.0";2016-07-05T07:42:45-04:00;263;VCJNNS
27;1364x728;ZJHSJN;Bachelor degree;male;1364x768;Mozilla/5.0 (Windows NT 6.2) AppleWebKit/537.36 (KHTML, like Gecko) Chrome/51.0.2704.103 Safari/537.36;2016-07-05T04:42:58-07:00;264;ZJHSJN
49;1920x1040;FLCVRO;One year of college;male;1920x1080;"Mozilla/5.0 (Windows NT 10.0; WOW64; rv:47.0) Gecko/20100101 Firefox/47.0";2016-07-05T06:43:38-05:00;265;FLCVRO
31;1920x1040;XBMFSJ;2 years college;male;1920x1080;"Mozilla/5.0 (Windows NT 6.1; WOW64; Trident/7.0; .NET4.0C; .NET4.0E; GWX:MANAGED; GWX:QUALIFIED; rv:11.0) like Gecko";2016-07-05T06:43:58-05:00;266;XBMFSJ
20;1280x712;KXPKNX;Some College;female;1280x800;"Mozilla/5.0 (Macintosh; Intel Mac OS X 10_11_3) AppleWebKit/537.36 (KHTML, like Gecko) Chrome/51.0.2704.103 Safari/537.36";2016-07-05T13:44:22+02:00;267;KXPKNX
25;1231x669;GKXXJY;Bachelor s;male;1231x692;"Mozilla/5.0 (Windows NT 6.1; Trident/7.0; SLCC2; .NET CLR 2.0.50727; .NET CLR 3.5.30729; .NET CLR 3.0.30729; Media Center PC 6.0; .NET4.0C; InfoPath.1; InfoPath.3; .NET4.0E; rv:11.0) like Gecko";2016-07-05T07:44:39-04:00;269;GKXXJY
32;1366x721;EMRLAR;Technical school;female;1366x768;"Mozilla/5.0 (X11; CrOS x86_64 8172.56.0) AppleWebKit/537.36 (KHTML, like Gecko) Chrome/51.0.2704.103 Safari/537.36";2016-07-05T07:44:34-04:00;268;EMRLAR
50;1093x574;GJTWRP;MA;female;1093x614;"Mozilla/5.0 (Windows NT 10.0; WOW64; rv:47.0) Gecko/20100101 Firefox/47.0";2016-07-05T06:45:04-05:00;270;GJTWRP
30;1366x728;LJZYWV;college undergrated;female;1366x768;"Mozilla/5.0 (Windows NT 6.1; WOW64) AppleWebKit/537.36 (KHTML, like Gecko) Chrome/51.0.2704.103 Safari/537.36";2016-07-05T07:45:17-04:00;271;LJZYWV
44;1360x728;TTZLKA;some college;female;1360x768;"Mozilla/5.0 (Windows NT 10.0; WOW64; rv:47.0) Gecko/20100101 Firefox/47.0";2016-07-05T06:45:41-05:00;272;TTZLKA
34;320x548;FXECJS;College ;female;320x568;"Mozilla/5.0 (iPhone; CPU iPhone OS 9_3_2 like Mac OS X) AppleWebKit/601.1.46 (KHTML, like Gecko) Version/9.0 Mobile/13F69 Safari/601.1";2016-07-05T07:46:14-04:00;273;FXECJS
35;1680x1050;ELDKGP;Master s Degree;male;1680x1050;"Mozilla/5.0 (Windows NT 6.1; WOW64) AppleWebKit/537.36 (KHTML, like Gecko) Chrome/51.0.2704.103 Safari/537.36";2016-07-05T07:46:51-04:00;274;ELDKGP
48;1536x832;MYQMUM;College Graduate;male;1536x864;"Mozilla/5.0 (Windows NT 6.1; WOW64; Trident/7.0; SLCC2; .NET CLR 2.0.50727; .NET CLR 3.5.30729; .NET CLR 3.0.30729; Media Center PC 6.0; .NET4.0C; .NET4.0E; InfoPath.3; rv:11.0) like Gecko";2016-07-05T07:46:58-04:00;275;MYQMUM
43;1280x690;FUGMIL;high school;female;1280x800;"Mozilla/5.0 (Macintosh; Intel Mac OS X 10.7; rv:47.0) Gecko/20100101 Firefox/47.0";2016-07-05T07:47:10-04:00;276;FUGMIL
36;1366x728;JDTDOT;Degree;female;1366x768;"Mozilla/5.0 (Windows NT 6.1; WOW64; rv:47.0) Gecko/20100101 Firefox/47.0";2016-07-05T07:47:10-05:00;277;JDTDOT
33;1920x1040;HQDOMV;high school;male;1920x1080;"Mozilla/5.0 (Windows NT 6.1; WOW64) AppleWebKit/537.36 (KHTML, like Gecko) Chrome/51.0.2704.103 Safari/537.36";2016-07-05T06:47:21-05:00;278;HQDOMV
31;1920x1040;SBTQRW;2 yr college;male;1920x1080;"Mozilla/5.0 (Windows NT 6.1; Win64; x64) AppleWebKit/537.36 (KHTML, like Gecko) Chrome/51.0.2704.103 Safari/537.36";2016-07-05T06:48:29-05:00;279;SBTQRW
47;360x640;KKAJCQ;Trade school ;male;360x640;"Mozilla/5.0 (Linux; Android 6.0.1; SAMSUNG SM-G900P Build/MMB29M) AppleWebKit/537.36 (KHTML, like Gecko) SamsungBrowser/4.0 Chrome/44.0.2403.133 Mobile Safari/537.36";2016-07-05T07:48:36-04:00;280;KKAJCQ
48;1536x832;GYGUMS;College Graduate;male;1536x864;"Mozilla/5.0 (Windows NT 6.1; WOW64; Trident/7.0; SLCC2; .NET CLR 2.0.50727; .NET CLR 3.5.30729; .NET CLR 3.0.30729; Media Center PC 6.0; .NET4.0C; .NET4.0E; InfoPath.3; rv:11.0) like Gecko";2016-07-05T07:48:57-04:00;282;GYGUMS
50;1600x850;TXSIBM;Associates Degree;female;1600x900;"Mozilla/5.0 (Windows NT 10.0; WOW64) AppleWebKit/537.36 (KHTML, like Gecko) Chrome/51.0.2704.103 Safari/537.36";2016-07-05T07:48:46-04:00;281;TXSIBM
30;1280x1024;VTLUNK;Masters degree;male;1280x1024;"Mozilla/5.0 (Windows NT 6.1; WOW64; rv:45.0) Gecko/20100101 Firefox/45.0; Mozilla Firefox 45.2.0 - 11712-10116";2016-07-05T12:49:11+01:00;283;VTLUNK
58;1600x860;LOCNZC;Associate s Degree;female;1600x900;"Mozilla/5.0 (Windows NT 10.0; Win64; x64) AppleWebKit/537.36 (KHTML, like Gecko) Chrome/46.0.2486.0 Safari/537.36 Edge/13.10586";2016-07-05T06:49:29-05:00;284;LOCNZC
24;1366x721;UUGUOX;A level;male;1366x768;"Mozilla/5.0 (X11; CrOS x86_64 7390.61.0) AppleWebKit/537.36 (KHTML, like Gecko) Chrome/46.0.2490.71 Safari/537.36";2016-07-05T12:49:40+01:00;285;UUGUOX
47;1600x860;LIQHYB;high school;female;1600x900;"Mozilla/5.0 (Windows NT 6.3; WOW64) AppleWebKit/537.36 (KHTML, like Gecko) Chrome/51.0.2704.103 Safari/537.36";2016-07-05T06:50:13-05:00;287;LIQHYB
27;1536x832;OUCALY;MScR;male;1536x864;"Mozilla/5.0 (Windows NT 10.0; WOW64) AppleWebKit/537.36 (KHTML, like Gecko) Chrome/51.0.2704.103 Safari/537.36";2016-07-05T12:50:29+01:00;288;OUCALY
44;375x647;GYMWLE;Some college;female;375x667;"Mozilla/5.0 (iPhone; CPU iPhone OS 9_2 like Mac OS X) AppleWebKit/601.1.46 (KHTML, like Gecko) Version/9.0 Mobile/13C75 Safari/601.1";2016-07-05T05:50:52-06:00;289;GYMWLE
58;1280x688;JDJWGB;Associate s Degree;female;1280x720;"Mozilla/5.0 (Windows NT 10.0; Win64; x64) AppleWebKit/537.36 (KHTML, like Gecko) Chrome/46.0.2486.0 Safari/537.36 Edge/13.10586";2016-07-05T06:51:31-05:00;291;JDJWGB
32;1366x720;NGXFSZ;Associate degree;female;1366x768;"Mozilla/5.0 (Windows NT 10.0; Win64; x64) AppleWebKit/537.36 (KHTML, like Gecko) Chrome/51.0.2704.103 Safari/537.36";2016-07-05T11:50:57+00:00;290;NGXFSZ
53;1024x748;JHHYRS;College;male;768x1024;"Mozilla/5.0 (iPad; CPU OS 9_3_2 like Mac OS X) AppleWebKit/601.1.46 (KHTML, like Gecko) Version/9.0 Mobile/13F69 Safari/601.1";2016-07-05T07:51:42-04:00;292;JHHYRS
59;1280x932;MCGSSP;12;female;1280x960;"Mozilla/5.0 (compatible; MSIE 10.0; Windows NT 6.1; WOW64; Trident/6.0; SLCC2; .NET CLR 2.0.50727; .NET CLR 3.5.30729; .NET CLR 3.0.30729; Media Center PC 6.0; .NET4.0C; .NET4.0E)";2016-07-05T07:52:14-04:00;294;MCGSSP
26;1280x703;EPGUJF;Bachelor s    4 year college ;female;1280x800;"Mozilla/5.0 (Macintosh; Intel Mac OS X 10_5_8) AppleWebKit/534.50.2 (KHTML, like Gecko) Version/5.0.6 Safari/533.22.3";2016-07-05T07:52:22-04:00;293;
27;1440x856;JNQIDA;Bachelor s Degree;female;1440x900;"Mozilla/5.0 (Windows NT 6.1; WOW64; Trident/7.0; SLCC2; .NET CLR 2.0.50727; .NET CLR 3.5.30729; .NET CLR 3.0.30729; .NET4.0C; .NET4.0E; InfoPath.3; rv:11.0) like Gecko";2016-07-05T07:52:05-04:00;295;JNQIDA
26;1280x703;EPGUJF;Bachelor s    4 year college ;female;1280x800;"Mozilla/5.0 (Macintosh; Intel Mac OS X 10_5_8) AppleWebKit/534.50.2 (KHTML, like Gecko) Version/5.0.6 Safari/533.22.3";2016-07-05T07:52:22-04:00;293;
26;1280x703;EPGUJF;Bachelor s    4 year college ;female;1280x800;"Mozilla/5.0 (Macintosh; Intel Mac OS X 10_5_8) AppleWebKit/534.50.2 (KHTML, like Gecko) Version/5.0.6 Safari/533.22.3";2016-07-05T07:52:22-04:00;293;
26;1280x703;EPGUJF;Bachelor s    4 year college ;female;1280x800;"Mozilla/5.0 (Macintosh; Intel Mac OS X 10_5_8) AppleWebKit/534.50.2 (KHTML, like Gecko) Version/5.0.6 Safari/533.22.3";2016-07-05T07:52:22-04:00;293;
41;1440x803;JJKGMR;BA;female;1440x900;"Mozilla/5.0 (Macintosh; Intel Mac OS X 10_11_3) AppleWebKit/601.4.4 (KHTML, like Gecko) Version/9.0.3 Safari/601.4.4";2016-07-05T07:52:50-04:00;296;JJKGMR
45;1440x870;ACAEFC;BACHELOR S DEGREE;male;1440x900;"Mozilla/5.0 (Windows NT 5.1; rv:47.0) Gecko/20100101 Firefox/47.0";2016-07-05T06:49:11-05:00;297;ACAEFC
26;1280x703;CQQZTN;4 year college ;female;1280x800;"Mozilla/5.0 (Macintosh; Intel Mac OS X 10_5_8) AppleWebKit/534.50.2 (KHTML, like Gecko) Version/5.0.6 Safari/533.22.3";2016-07-05T07:53:35-04:00;298;
42;1440x873;OGTZJV;college graduate;female;1440x900;"Mozilla/5.0 (Macintosh; Intel Mac OS X 10_11_5) AppleWebKit/537.36 (KHTML, like Gecko) Chrome/51.0.2704.103 Safari/537.36";2016-07-05T07:53:45-04:00;300;OGTZJV
55;1366x728;EWRMEM;BS;female;1366x768;"Mozilla/5.0 (Windows NT 10.0; WOW64; Trident/7.0; .NET4.0C; .NET4.0E; .NET CLR 2.0.50727; .NET CLR 3.0.30729; .NET CLR 3.5.30729; InfoPath.3; rv:11.0) like Gecko";2016-07-05T07:53:43-04:00;299;EWRMEM
26;1024x720;FSNNVH;Bachelors;female;1024x768;Mozilla/5.0 (Windows NT 6.2) AppleWebKit/537.36 (KHTML, like Gecko) Chrome/51.0.2704.103 Safari/537.36;2016-07-05T04:54:09-07:00;304;FSNNVH
26;1024x748;UCVTEX;College;male;768x1024;"Mozilla/5.0 (iPad; CPU OS 9_3_2 like Mac OS X) AppleWebKit/601.1.46 (KHTML, like Gecko) Version/9.0 Mobile/13F69 Safari/601.1";2016-07-05T14:54:34+03:00;305;UCVTEX
50;1680x1010;AYYXBG;high school;female;1680x1050;"Mozilla/5.0 (Windows NT 10.0; WOW64) AppleWebKit/537.36 (KHTML, like Gecko) Chrome/51.0.2704.103 Safari/537.36";2016-07-05T06:54:04-05:00;303;AYYXBG
33;1364x728;QOWEKP;graduate;male;1364x768;Mozilla/5.0 (Windows NT 6.1) AppleWebKit/537.36 (KHTML, like Gecko) Chrome/51.0.2704.103 Safari/537.36;2016-07-05T14:56:49+03:00;306;QOWEKP
25;1280x984;GOAMTM;college;male;1280x1024;"Mozilla/5.0 (Windows NT 6.1; WOW64) AppleWebKit/537.36 (KHTML, like Gecko) Chrome/51.0.2704.103 Safari/537.36";2016-07-05T04:57:57-07:00;307;GOAMTM
22;1366x728;XCXJEW;University Graduate ;male;1366x768;"Mozilla/5.0 (Windows NT 6.3; WOW64) AppleWebKit/537.36 (KHTML, like Gecko) Chrome/51.0.2704.103 Safari/537.36";2016-07-05T12:58:08+01:00;309;XCXJEW
34;1097x585;HCEOCD;high school diploma;female;1097x617;"Mozilla/5.0 (Windows NT 6.3; WOW64; Trident/7.0; .NET4.0E; .NET4.0C; .NET CLR 3.5.30729; .NET CLR 2.0.50727; .NET CLR 3.0.30729; HPDTDFJS; rv:11.0) like Gecko";2016-07-05T07:58:27-04:00;310;HCEOCD
51;1280x984;NRCZRY;Bachelor;female;1280x1024;"Mozilla/5.0 (Windows NT 6.1; WOW64) AppleWebKit/537.36 (KHTML, like Gecko) Chrome/51.0.2704.103 Safari/537.36";2016-07-05T07:58:12-04:00;308;NRCZRY
25;1366x728;VJHWYK;Bsc;male;1366x768;"Mozilla/5.0 (Windows NT 6.3; Win64; x64) AppleWebKit/537.36 (KHTML, like Gecko) Chrome/51.0.2704.103 Safari/537.36";2016-07-05T13:58:44+02:00;311;VJHWYK
36;1920x1080;MHUOZU;Bachelor s degree;male;1920x1080;"Mozilla/5.0 (Windows NT 10.0; WOW64) AppleWebKit/537.36 (KHTML, like Gecko) Chrome/51.0.2704.103 Safari/537.36";2016-07-05T06:59:08-05:00;313;MHUOZU
27;1366x728;LOSWCB;AAS;male;1366x768;"Mozilla/5.0 (Windows NT 6.1; WOW64; rv:47.0) Gecko/20100101 Firefox/47.0";2016-07-05T07:59:17-04:00;312;LOSWCB
31;1366x728;EXQRVR;MA;female;1366x768;"Mozilla/5.0 (Windows NT 10.0; WOW64; rv:47.0) Gecko/20100101 Firefox/47.0";2016-07-05T07:59:56-04:00;314;EXQRVR
53;1366x728;YFAREZ;high school grad;female;1366x768;"Mozilla/5.0 (Windows NT 6.1; WOW64; rv:47.0) Gecko/20100101 Firefox/47.0";2016-07-05T08:00:20-04:00;315;YFAREZ
45;1024x600;YPFMDQ;some college;male;1024x600;Mozilla/5.0 (Windows NT 6.1) AppleWebKit/537.11 (KHTML, like Gecko) Chrome/23.0.1271.64 Safari/537.11;2016-07-05T20:00:40+08:00;316;YPFMDQ
28;1600x870;CKSWBO;ba;female;1600x900;"Mozilla/5.0 (Windows NT 6.1; WOW64) AppleWebKit/537.36 (KHTML, like Gecko) Chrome/51.0.2704.103 Safari/537.36";2016-07-05T08:00:54-04:00;317;CKSWBO
18;1366x728;HZZXGF;College;male;1366x768;"Mozilla/5.0 (Windows NT 10.0; WOW64) AppleWebKit/537.36 (KHTML, like Gecko) Chrome/51.0.2704.84 Safari/537.36 OPR/38.0.2220.31";2016-07-05T13:00:59+01:00;318;HZZXGF
51;1024x748;DFKKDT;Bachelor degree;female;768x1024;"Mozilla/5.0 (iPad; CPU OS 9_3_2 like Mac OS X) AppleWebKit/601.1.46 (KHTML, like Gecko) Version/9.0 Mobile/13F69 Safari/601.1";2016-07-05T08:01:10-04:00;319;DFKKDT
37;1920x1040;SJRYZM;Masters Degree;female;1920x1080;"Mozilla/5.0 (Windows NT 10.0; WOW64) AppleWebKit/537.36 (KHTML, like Gecko) Chrome/51.0.2704.103 Safari/537.36";2016-07-05T08:01:34-04:00;320;SJRYZM
47;1440x873;DDRTXD;MD;male;1440x900;"Mozilla/5.0 (Macintosh; Intel Mac OS X 10_10_5) AppleWebKit/601.6.17 (KHTML, like Gecko) Version/9.1.1 Safari/601.6.17";2016-07-05T15:02:16+03:00;321;DDRTXD
33;360x640;ZQDAES;Some college;female;360x640;"Mozilla/5.0 (Linux; Android 6.0.1; SAMSUNG SM-G900P Build/MMB29M) AppleWebKit/537.36 (KHTML, like Gecko) SamsungBrowser/4.0 Chrome/44.0.2403.133 Mobile Safari/537.36";2016-07-05T08:03:45-04:00;322;ZQDAES
54;1366x707;RZVAGM;BS;female;1366x768;"Mozilla/5.0 (Windows NT 10.0; Win64; x64; rv:46.0) Gecko/20100101 Firefox/46.0";2016-07-05T07:03:44-05:00;324;RZVAGM
53;1366x728;YUOZVB;high school grad;female;1366x768;"Mozilla/5.0 (Windows NT 6.1; WOW64; rv:47.0) Gecko/20100101 Firefox/47.0";2016-07-05T08:04:08-04:00;326;YUOZVB
42;1920x1040;TTOIVF;HIGH SCHOOL;female;1920x1080;"Mozilla/5.0 (Windows NT 6.1; WOW64) AppleWebKit/537.36 (KHTML, like Gecko) Chrome/51.0.2704.103 Safari/537.36";2016-07-05T08:04:06-04:00;325;TTOIVF
47;1280x994;OEJUVG;Bachelor Degree;female;1280x1024;Mozilla/5.0 (Windows NT 6.1) AppleWebKit/537.36 (KHTML, like Gecko) Chrome/51.0.2704.103 Safari/537.36;2016-07-05T08:04:44-04:00;327;OEJUVG
27;1440x796;VWGXZN;Bachelors;female;1440x900;"Mozilla/5.0 (Macintosh; Intel Mac OS X 10_10_5) AppleWebKit/537.36 (KHTML, like Gecko) Chrome/51.0.2704.103 Safari/537.36";2016-07-05T08:04:50-04:00;328;VWGXZN
37;1366x721;GQVPGX;BA;female;1366x768;"Mozilla/5.0 (X11; CrOS x86_64 7834.60.0) AppleWebKit/537.36 (KHTML, like Gecko) Chrome/49.0.2623.95 Safari/537.36";2016-07-05T08:04:51-04:00;329;GQVPGX
26;1280x773;ZOCJUQ;masters degree;female;1280x800;"Mozilla/5.0 (Macintosh; Intel Mac OS X 10_11_5) AppleWebKit/537.36 (KHTML, like Gecko) Chrome/51.0.2704.103 Safari/537.36";2016-07-05T08:05:23-04:00;330;ZOCJUQ
30;1366x738;MHBHRY;Master s;male;1366x768;"Mozilla/5.0 (Windows NT 6.1; Win64; x64) AppleWebKit/537.36 (KHTML, like Gecko) Chrome/51.0.2704.106 Safari/537.36";2016-07-05T07:05:42-05:00;331;MHBHRY
30;360x640;LYWCBU;Postgraduate ;male;360x640;"Mozilla/5.0 (Linux; Android 6.0; XT1585 Build/MCK24.78-13.16) AppleWebKit/537.36 (KHTML, like Gecko) Chrome/51.0.2704.81 Mobile Safari/537.36";2016-07-05T08:06:22-04:00;332;LYWCBU
53;1600x860;ROPYFX;some college no degree;female;1600x900;"Mozilla/5.0 (Windows NT 10.0; WOW64) AppleWebKit/537.36 (KHTML, like Gecko) Chrome/51.0.2704.103 Safari/537.36";2016-07-05T08:06:52-04:00;333;ROPYFX
32;1920x1030;USRBRQ;bachelors;female;1920x1080;"Mozilla/5.0 (Windows NT 10.0; Win64; x64) AppleWebKit/537.36 (KHTML, like Gecko) Chrome/51.0.2704.103 Safari/537.36";2016-07-05T08:08:17-04:00;334;USRBRQ
27;360x640;MFAJOF;GED;female;360x640;"Mozilla/5.0 (Linux; Android 6.0; XT1585 Build/MCK24.78-13.16) AppleWebKit/537.36 (KHTML, like Gecko) Chrome/51.0.2704.81 Mobile Safari/537.36";2016-07-05T07:08:41-05:00;335;MFAJOF
49;1280x994;OPRVJN;master degree;female;1280x1024;Mozilla/5.0 (Windows NT 6.1) AppleWebKit/537.36 (KHTML, like Gecko) Chrome/51.0.2704.103 Safari/537.36;2016-07-05T08:08:45-04:00;337;OPRVJN
39;1280x992;MCWEML;PhD;female;1280x1024;"Mozilla/5.0 (Windows NT 6.1; Trident/7.0; SLCC2; .NET CLR 2.0.50727; .NET CLR 3.5.30729; .NET CLR 3.0.30729; Media Center PC 6.0; rv:11.0) like Gecko";2016-07-05T08:08:46-04:00;336;MCWEML
42;1536x824;JYHGRH;1st year law school. Bachelors Degree Completed.;male;1536x864;"Mozilla/5.0 (Windows NT 10.0; WOW64; rv:47.0) Gecko/20100101 Firefox/47.0";2016-07-05T08:09:55-04:00;338;JYHGRH
22;1280x774;WXWCJZ;4 Year College;male;1280x800;"Mozilla/5.0 (Macintosh; Intel Mac OS X 10_9_5) AppleWebKit/537.36 (KHTML, like Gecko) Chrome/51.0.2704.103 Safari/537.36";2016-07-05T08:10:42-04:00;339;WXWCJZ
34;1440x833;PPCBZD;Master s;male;1440x900;"Mozilla/5.0 (Macintosh; Intel Mac OS X 10_6_8) AppleWebKit/537.36 (KHTML, like Gecko) Chrome/49.0.2623.112 Safari/537.36";2016-07-05T08:11:11-04:00;340;PPCBZD
34;1379x877;EVXJHL;graduate school;male;1440x900;"Mozilla/5.0 (Macintosh; Intel Mac OS X 10.11; rv:47.0) Gecko/20100101 Firefox/47.0";2016-07-05T08:11:38-04:00;341;EVXJHL
33;1366x728;IUDRQB;12;female;1366x768;"Mozilla/5.0 (Windows NT 10.0; WOW64) AppleWebKit/537.36 (KHTML, like Gecko) Chrome/51.0.2704.103 Safari/537.36";2016-07-05T06:12:14-06:00;342;IUDRQB
32;1366x728;QIDLZO;Bachelor s Degree;male;1366x768;"Mozilla/5.0 (Windows NT 10.0; WOW64) AppleWebKit/537.36 (KHTML, like Gecko) Chrome/51.0.2704.103 Safari/537.36";2016-07-05T08:12:40-04:00;343;QIDLZO
26;1600x900;WTAQFZ;SOME COLLEGE;female;1600x900;Mozilla/5.0 (Windows NT 6.1) AppleWebKit/537.36 (KHTML, like Gecko) Chrome/51.0.2704.103 Safari/537.36;2016-07-05T07:12:46-05:00;344;WTAQFZ
36;1438x766;DCIMEJ;masters;female;1438x808;"Mozilla/5.0 (Windows NT 6.3; WOW64; Trident/7.0; Touch; .NET4.0E; .NET4.0C; .NET CLR 3.5.30729; .NET CLR 2.0.50727; .NET CLR 3.0.30729; Tablet PC 2.0; GWX:DOWNLOADED; GWX:QUALIFIED; rv:11.0) like Gecko";2016-07-05T08:13:10-04:00;345;DCIMEJ
49;1366x728;HIDSHR;High School;female;1366x768;"Mozilla/5.0 (Windows NT 10.0; WOW64) AppleWebKit/537.36 (KHTML, like Gecko) Chrome/51.0.2704.103 Safari/537.36";2016-07-05T08:13:15-04:00;349;HIDSHR
37;1366x728;PJANJA;associate;female;1366x768;Mozilla/5.0 (Windows NT 6.1) AppleWebKit/537.36 (KHTML, like Gecko) Chrome/51.0.2704.103 Safari/537.36;2016-07-05T08:13:13-04:00;348;PJANJA
49;1093x558;EYYKZD;Bachelors;male;1093x614;"Mozilla/5.0 (Windows NT 10.0; Win64; x64) AppleWebKit/537.36 (KHTML, like Gecko) Chrome/46.0.2486.0 Safari/537.36 Edge/13.10586";2016-07-05T07:13:01-05:00;346;EYYKZD
30;1366x728;IIYMFY;bachelor s degree;female;1366x768;"Mozilla/5.0 (Windows NT 6.1; WOW64) AppleWebKit/537.36 (KHTML, like Gecko) Chrome/51.0.2704.103 Safari/537.36";2016-07-05T08:13:13-04:00;347;IIYMFY
28;1829x990;MWBFSY;Associate Degree;female;1829x1029;"Mozilla/5.0 (Windows NT 6.1; WOW64; Trident/7.0; SLCC2; .NET CLR 2.0.50727; .NET CLR 3.5.30729; .NET CLR 3.0.30729; Media Center PC 6.0; .NET4.0C; .NET4.0E; InfoPath.3; rv:11.0) like Gecko";2016-07-05T08:13:51-04:00;350;MWBFSY
34;1280x984;VKCTRR;High School Graduate;male;1280x1024;"Mozilla/5.0 (Windows NT 10.0; WOW64) AppleWebKit/537.36 (KHTML, like Gecko) Chrome/51.0.2704.103 Safari/537.36";2016-07-05T07:14:16-05:00;351;VKCTRR
38;1920x1040;JBHTQK;Some college;female;1920x1080;"Mozilla/5.0 (Windows NT 10.0; WOW64; rv:47.0) Gecko/20100101 Firefox/47.0";2016-07-05T08:15:26-04:00;352;JBHTQK
24;667x375;COAMXP;Bachelor of Science;female;375x667;"Mozilla/5.0 (iPhone; CPU iPhone OS 9_3_2 like Mac OS X) AppleWebKit/601.1.46 (KHTML, like Gecko) Version/9.0 Mobile/13F69 Safari/601.1";2016-07-05T08:15:36-04:00;354;COAMXP
60;1226x778;KHMFJE;Some college;female;1280x800;"Mozilla/5.0 (Macintosh; Intel Mac OS X 10_7_5) AppleWebKit/537.78.2 (KHTML, like Gecko) Version/6.1.6 Safari/537.78.2";2016-07-05T08:15:23-04:00;353;KHMFJE
27;1920x1040;PQPLWC;technical school;female;1920x1080;"Mozilla/5.0 (Windows NT 6.1; WOW64; rv:47.0) Gecko/20100101 Firefox/47.0";2016-07-05T08:17:09-04:00;355;PQPLWC
35;1280x697;XVXBPB;college;female;1280x800;"Mozilla/5.0 (Macintosh; Intel Mac OS X 10.6; rv:47.0) Gecko/20100101 Firefox/47.0";2016-07-05T08:17:49-04:00;356;XVXBPB
36;1680x1010;VQMSLO;College Graduate;female;1680x1050;Mozilla/5.0 (Windows NT 6.1) AppleWebKit/537.36 (KHTML, like Gecko) Chrome/51.0.2704.103 Safari/537.36;2016-07-05T08:17:51-04:00;358;VQMSLO
42;1366x721;TXTFLX;some grad school;male;1366x768;"Mozilla/5.0 (X11; CrOS x86_64 8172.56.0) AppleWebKit/537.36 (KHTML, like Gecko) Chrome/51.0.2704.103 Safari/537.36";2016-07-05T08:17:49-04:00;357;TXTFLX
45;1680x1010;RBMPFK;Bachelor s;male;1680x1050;"Mozilla/5.0 (Windows NT 10.0; WOW64) AppleWebKit/537.36 (KHTML, like Gecko) Chrome/51.0.2704.84 Safari/537.36";2016-07-05T08:18:16-04:00;359;RBMPFK
27;1366x728;RAXUPV;bachelor s degree;female;1366x768;"Mozilla/5.0 (Windows NT 6.3; WOW64) AppleWebKit/537.36 (KHTML, like Gecko) Chrome/51.0.2704.103 Safari/537.36";2016-07-05T07:18:39-05:00;360;RAXUPV
51;1600x860;BALKVO;14;female;1600x900;"Mozilla/5.0 (Windows NT 6.1; WOW64) AppleWebKit/537.36 (KHTML, like Gecko) Chrome/51.0.2704.103 Safari/537.36";2016-07-05T08:27:02-04:00;362;BALKVO
36;1280x712;WMXPPG;Associates Degree;female;1280x800;"Mozilla/5.0 (Macintosh; Intel Mac OS X 10_11_4) AppleWebKit/601.5.17 (KHTML, like Gecko) Version/9.1 Safari/601.5.17";2016-07-05T08:19:24-04:00;361;WMXPPG
36;1280x703;OYUWTS;Master s;female;1280x800;"Mozilla/5.0 (Macintosh; Intel Mac OS X 10.10; rv:41.0) Gecko/20100101 Firefox/41.0";2016-07-05T08:20:17-04:00;364;OYUWTS
32;360x640;NDUDGU;2 years college;female;360x640;"Mozilla/5.0 (Linux; Android 6.0.1; SM-G900V Build/MMB29M) AppleWebKit/537.36 (KHTML, like Gecko) Chrome/50.0.2661.89 Mobile Safari/537.36";2016-07-05T07:21:05-05:00;365;NDUDGU
35;1600x860;MNWGCV;some college;male;1600x900;"Mozilla/5.0 (Windows NT 10.0; WOW64; rv:47.0) Gecko/20100101 Firefox/47.0";2016-07-05T08:21:55-04:00;367;MNWGCV
49;1093x558;RYFTDZ;Bachelors;male;1093x614;"Mozilla/5.0 (Windows NT 10.0; Win64; x64) AppleWebKit/537.36 (KHTML, like Gecko) Chrome/46.0.2486.0 Safari/537.36 Edge/13.10586";2016-07-05T07:22:04-05:00;366;RYFTDZ
64;1024x640;FMWFNM;BA;male;1024x640;"Mozilla/5.0 (Windows NT 6.1; rv:47.0) Gecko/20100101 Firefox/47.0";2016-07-05T07:22:40-05:00;368;FMWFNM
37;1600x804;SZHNZT;some graduate;female;1600x900;"Mozilla/5.0 (Macintosh; Intel Mac OS X 10_11_5) AppleWebKit/601.6.17 (KHTML, like Gecko) Version/9.1.1 Safari/601.6.17";2016-07-05T08:23:44-04:00;369;SZHNZT
26;1920x1200;DBHHZZ;B.S.;female;1920x1200;"Mozilla/5.0 (Windows NT 6.1; WOW64) AppleWebKit/537.36 (KHTML, like Gecko) Chrome/51.0.2704.103 Safari/537.36";2016-07-05T08:23:49-04:00;371;DBHHZZ
26;1366x728;KKCVGH;Bachelor degree;female;1366x768;"Mozilla/5.0 (Windows NT 10.0; WOW64) AppleWebKit/537.36 (KHTML, like Gecko) Chrome/51.0.2704.103 Safari/537.36";2016-07-05T08:23:47-04:00;370;KKCVGH
44;1920x1080;SORCMA;12th grade;female;1920x1080;"Mozilla/5.0 (Windows NT 10.0; WOW64) AppleWebKit/537.36 (KHTML, like Gecko) Chrome/51.0.2704.103 Safari/537.36";2016-07-05T08:24:08-04:00;372;SORCMA
50;1600x860;NRUCLE;15;female;1600x900;"Mozilla/5.0 (Windows NT 10.0; WOW64) AppleWebKit/537.36 (KHTML, like Gecko) Chrome/51.0.2704.103 Safari/537.36";2016-07-05T08:24:58-04:00;373;NRUCLE
44;1680x1010;VGYRLT;BSc;male;1680x1050;"Mozilla/5.0 (Windows NT 10.0; WOW64) AppleWebKit/537.36 (KHTML, like Gecko) Chrome/51.0.2704.103 Safari/537.36";2016-07-05T13:25:06+01:00;374;VGYRLT
34;1024x560;VRGNNV;JD;female;1024x600;"Mozilla/5.0 (Windows NT 6.1; rv:47.0) Gecko/20100101 Firefox/47.0";2016-07-05T08:25:21-04:00;375;VRGNNV
58;1920x1030;OUGSBA;college graduate;female;1920x1080;"Mozilla/5.0 (Windows NT 10.0; Win64; x64) AppleWebKit/537.36 (KHTML, like Gecko) Chrome/51.0.2704.106 Safari/537.36";2016-07-05T07:26:00-05:00;376;OUGSBA
39;1512x900;MDXJSL;Bachelors degree;female;1600x900;"Mozilla/5.0 (Windows NT 6.1; WOW64) AppleWebKit/537.36 (KHTML, like Gecko) Chrome/51.0.2704.103 Safari/537.36";2016-07-05T08:25:44-04:00;377;MDXJSL
35;1920x1040;BNNBAQ;associates;female;1920x1080;"Mozilla/5.0 (Windows NT 6.1; WOW64) AppleWebKit/537.36 (KHTML, like Gecko) Chrome/51.0.2704.103 Safari/537.36";2016-07-05T08:26:40-04:00;378;BNNBAQ
30;1920x1040;QQBOGG;some college;male;1920x1080;"Mozilla/5.0 (Windows NT 10.0; WOW64) AppleWebKit/537.36 (KHTML, like Gecko) Chrome/51.0.2704.103 Safari/537.36";2016-07-05T08:27:03-04:00;379;QQBOGG
27;1600x773;XOFIJR;Bachelors;female;1600x900;"Mozilla/5.0 (Macintosh; Intel Mac OS X 10_9_5) AppleWebKit/601.6.17 (KHTML, like Gecko) Version/9.1.1 Safari/537.86.6";2016-07-05T08:27:42-04:00;381;XOFIJR
33;1920x1040;UFAXGM;College Degree;male;1920x1080;"Mozilla/5.0 (Windows NT 6.1; Win64; x64) AppleWebKit/537.36 (KHTML, like Gecko) Chrome/51.0.2704.103 Safari/537.36";2016-07-05T07:27:10-05:00;380;UFAXGM
35;1680x946;SMKISI;bachelors;female;1680x1050;"Mozilla/5.0 (Macintosh; Intel Mac OS X 10.10; rv:47.0) Gecko/20100101 Firefox/47.0";2016-07-05T08:27:56-04:00;382;SMKISI
32;360x640;VQEGUS;Associates degree ;female;360x640;"Mozilla/5.0 (Linux; Android 4.4.4; SGH-M919 Build/KTU84P) AppleWebKit/537.36 (KHTML, like Gecko) Chrome/50.0.2661.89 Mobile Safari/537.36";2016-07-05T05:28:21-07:00;384;VQEGUS
34;1600x860;NXVYJP;Some College;male;1600x900;"Mozilla/5.0 (Windows NT 6.3; WOW64) AppleWebKit/537.36 (KHTML, like Gecko) Chrome/51.0.2704.103 Safari/537.36";2016-07-05T05:28:28-07:00;385;NXVYJP
22;1280x760;JMAMNC;some college;female;1280x800;Mozilla/5.0 (Windows NT 6.1) AppleWebKit/537.36 (KHTML, like Gecko) Chrome/51.0.2704.103 Safari/537.36;2016-07-05T05:29:29-07:00;386;JMAMNC
25;1536x826;WDTTBI;College graduate;male;1536x864;"Mozilla/5.0 (Windows NT 6.1; WOW64; rv:46.0) Gecko/20100101 Firefox/46.0";2016-07-05T08:29:28-04:00;387;WDTTBI
32;1280x984;LOIAQP;Associates degree;female;1280x1024;"Mozilla/5.0 (Windows NT 10.0; WOW64) AppleWebKit/537.36 (KHTML, like Gecko) Chrome/51.0.2704.103 Safari/537.36";2016-07-05T05:29:52-07:00;389;LOIAQP
62;1366x728;WPTJXY;PhD;female;1366x768;"Mozilla/5.0 (Windows NT 10.0; WOW64; rv:47.0) Gecko/20100101 Firefox/47.0";2016-07-05T08:30:05-04:00;391;WPTJXY
36;1920x1080;CADEHQ;16;male;1920x1080;"Mozilla/5.0 (Windows NT 6.1; WOW64) AppleWebKit/537.36 (KHTML, like Gecko) Chrome/51.0.2704.103 Safari/537.36";2016-07-05T06:30:05-06:00;392;CADEHQ
29;1600x860;ETKRLL;MBA;male;1600x900;"Mozilla/5.0 (Windows NT 6.1; WOW64) AppleWebKit/537.36 (KHTML, like Gecko) Chrome/51.0.2704.103 Safari/537.36";2016-07-05T06:28:03-06:00;383;ETKRLL
53;1024x748;FSLLGN;Undergraduate degree;female;768x1024;"Mozilla/5.0 (iPad; CPU OS 9_3_2 like Mac OS X) AppleWebKit/601.1.46 (KHTML, like Gecko) FxiOS/1.4 Mobile/13F69 Safari/601.1.46";2016-07-05T08:30:10-04:00;393;FSLLGN
31;1366x741;JEDLIX;professional degree  post graduate ;female;1366x768;"Mozilla/5.0 (Macintosh; Intel Mac OS X 10_11_1) AppleWebKit/601.2.7 (KHTML, like Gecko) Version/9.0.1 Safari/601.2.7";2016-07-05T08:31:08-04:00;394;JEDLIX
57;1920x1050;GTCVPX;High school diploma;male;1920x1080;"Mozilla/5.0 (Windows NT 6.3; WOW64) AppleWebKit/537.36 (KHTML, like Gecko) Chrome/47.0.0.11490 Safari/537.36";2016-07-05T08:29:55-04:00;390;GTCVPX
54;1024x738;HIXVWP;High School Graduate ;female;1024x768;Mozilla/5.0 (Windows NT 5.1) AppleWebKit/537.36 (KHTML, like Gecko) Chrome/49.0.2623.112 Safari/537.36;2016-07-05T07:38:11-05:00;396;HIXVWP
34;1304x768;XHYWCV;BA Degree;female;1366x768;"Mozilla/5.0 (Windows NT 10.0; WOW64) AppleWebKit/537.36 (KHTML, like Gecko) Chrome/51.0.2704.103 Safari/537.36";2016-07-05T07:31:23-05:00;395;XHYWCV
62;1024x748;ZNBUWN;High school ;male;768x1024;"Mozilla/5.0 (iPad; CPU OS 9_3_2 like Mac OS X) AppleWebKit/601.1.46 (KHTML, like Gecko) Version/9.0 Mobile/13F69 Safari/601.1";2016-07-05T08:32:23-04:00;397;ZNBUWN
26;1366x721;OEZPBB;Some college no degree;male;1366x768;"Mozilla/5.0 (X11; CrOS x86_64 8172.60.0) AppleWebKit/537.36 (KHTML, like Gecko) Chrome/51.0.2704.103 Safari/537.36";2016-07-05T08:32:42-04:00;399;OEZPBB
36;320x548;KRTPFH;2 year college;female;320x568;"Mozilla/5.0 (iPhone; CPU iPhone OS 9_1 like Mac OS X) AppleWebKit/601.1.46 (KHTML, like Gecko) Version/9.0 Mobile/13B143 Safari/601.1";2016-07-05T07:32:33-05:00;398;KRTPFH
46;1600x860;TVBEHJ;Masters;male;1600x900;"Mozilla/5.0 (Windows NT 6.1; Win64; x64) AppleWebKit/537.36 (KHTML, like Gecko) Chrome/51.0.2704.103 Safari/537.36";2016-07-05T08:33:15-04:00;400;TVBEHJ
53;1920x1040;YMMTRS;Bachelors;female;1920x1080;"Mozilla/5.0 (Windows NT 10.0; WOW64) AppleWebKit/537.36 (KHTML, like Gecko) Chrome/51.0.2704.103 Safari/537.36";2016-07-05T07:33:27-05:00;401;YMMTRS
36;1920x1030;WVEHGA;Some College no degree;female;1920x1080;"Mozilla/5.0 (Windows NT 10.0; WOW64) AppleWebKit/537.36 (KHTML, like Gecko) Chrome/51.0.2704.103 Safari/537.36";2016-07-05T08:33:39-04:00;402;WVEHGA
36;1920x1030;WVEHGA;Some College no degree;female;1920x1080;"Mozilla/5.0 (Windows NT 10.0; WOW64) AppleWebKit/537.36 (KHTML, like Gecko) Chrome/51.0.2704.103 Safari/537.36";2016-07-05T08:33:39-04:00;402;WVEHGA
53;1188x633;QHMOZL;some college;female;1188x668;"Mozilla/5.0 (Windows NT 10.0; Win64; x64) AppleWebKit/537.36 (KHTML, like Gecko) Chrome/46.0.2486.0 Safari/537.36 Edge/13.10586";2016-07-05T07:33:55-05:00;403;QHMOZL
36;1366x721;XZPGNW;bachelor degree;female;1366x768;"Mozilla/5.0 (X11; CrOS armv7l 8172.60.0) AppleWebKit/537.36 (KHTML, like Gecko) Chrome/51.0.2704.103 Safari/537.36";2016-07-05T08:33:59-04:00;404;XZPGNW
62;1024x748;RRLGDO;High school;male;768x1024;"Mozilla/5.0 (iPad; CPU OS 9_3_2 like Mac OS X) AppleWebKit/601.1.46 (KHTML, like Gecko) Version/9.0 Mobile/13F69 Safari/601.1";2016-07-05T08:36:39-04:00;405;RRLGDO
31;1280x984;AWADEN;Bachelor s Degree;female;1280x1024;"Mozilla/5.0 (Windows NT 6.1; WOW64; rv:47.0) Gecko/20100101 Firefox/47.0";2016-07-05T08:37:17-04:00;407;AWADEN
49;1024x560;NOEFZG;high school;female;1024x600;"Mozilla/5.0 (Windows NT 6.1; Win64; x64) AppleWebKit/537.36 (KHTML, like Gecko) Chrome/51.0.2704.103 Safari/537.36";2016-07-05T06:37:33-06:00;408;NOEFZG
33;1366x728;YYPUNF;some college;female;1366x768;"Mozilla/5.0 (Windows NT 6.1; WOW64) AppleWebKit/537.36 (KHTML, like Gecko) Chrome/51.0.2704.103 Safari/537.36";2016-07-05T08:38:22-04:00;410;YYPUNF
53;1188x633;OOTEOQ;college;female;1188x668;"Mozilla/5.0 (Windows NT 10.0; Win64; x64) AppleWebKit/537.36 (KHTML, like Gecko) Chrome/46.0.2486.0 Safari/537.36 Edge/13.10586";2016-07-05T07:38:21-05:00;409;OOTEOQ
26;1276x777;EPEZED;md;female;1280x800;"Mozilla/5.0 (Macintosh; Intel Mac OS X 10_10_5) AppleWebKit/537.36 (KHTML, like Gecko) Chrome/51.0.2704.106 Safari/537.36";2016-07-05T08:29:46-04:00;388;EPEZED
50;1366x728;UMEOFG;some college;male;1366x768;"Mozilla/5.0 (Windows NT 6.1; WOW64; rv:47.0) Gecko/20100101 Firefox/47.0";2016-07-05T08:39:23-04:00;412;UMEOFG
35;640x360;QNNBXC;Masters;male;640x360;"Mozilla/5.0 (Linux; Android 6.0.1; SM-G920P Build/MMB29K) AppleWebKit/537.36 (KHTML, like Gecko) Chrome/49.0.2623.105 Mobile Safari/537.36";2016-07-05T08:39:02-04:00;413;QNNBXC
29;768x1004;ZLOHRD;Some college;female;768x1024;"Mozilla/5.0 (iPad; CPU OS 9_3_2 like Mac OS X) AppleWebKit/601.1.46 (KHTML, like Gecko) Version/9.0 Mobile/13F69 Safari/601.1";2016-07-05T08:39:14-04:00;414;ZLOHRD
40;1920x1040;HZUSXP;High School;male;1920x1080;"Mozilla/5.0 (Windows NT 10.0; WOW64) AppleWebKit/537.36 (KHTML, like Gecko) Chrome/51.0.2704.103 Safari/537.36";2016-07-05T08:39:28-04:00;415;QMVRLD
35;1920x1040;ITMDFP;Bachelors Degree;female;1920x1080;Mozilla/5.0 (Windows NT 6.1) AppleWebKit/537.36 (KHTML, like Gecko) Chrome/51.0.2704.103 Safari/537.36;2016-07-05T08:39:53-04:00;417;ITMDFP
25;1920x1040;QGKXQU;bachelors ;male;1920x1080;"Mozilla/5.0 (Windows NT 6.1; Win64; x64) AppleWebKit/537.36 (KHTML, like Gecko) Chrome/51.0.2704.103 Safari/537.36";2016-07-05T08:36:53-04:00;406;QGKXQU
46;1366x728;HACWKM;less than high school;male;1366x768;"Mozilla/5.0 (Windows NT 10.0; WOW64; rv:47.0) Gecko/20100101 Firefox/47.0";2016-07-05T07:39:58-05:00;418;HACWKM
46;1366x728;TFLUJD;high school;female;1366x768;"Mozilla/5.0 (Windows NT 10.0; WOW64) AppleWebKit/537.36 (KHTML, like Gecko) Chrome/51.0.2704.103 Safari/537.36";2016-07-05T08:40:15-04:00;420;TFLUJD
27;1366x677;YWQWSG;MA;male;1366x768;"Mozilla/5.0 (Macintosh; Intel Mac OS X 10_11_5) AppleWebKit/537.36 (KHTML, like Gecko) Chrome/51.0.2704.103 Safari/537.36";2016-07-05T07:40:28-05:00;421;YWQWSG
41;1920x1040;SEDKIH;ASSOCIATES DEGREE;female;1920x1080;"Mozilla/5.0 (Windows NT 10.0; WOW64) AppleWebKit/537.36 (KHTML, like Gecko) Chrome/51.0.2704.103 Safari/537.36";2016-07-05T07:40:16-05:00;419;SEDKIH
29;1024x724;QCDYAO;some college;female;1024x768;"Mozilla/5.0 (Windows NT 6.1; WOW64; Trident/7.0; SLCC2; .NET CLR 2.0.50727; .NET CLR 3.5.30729; .NET CLR 3.0.30729; .NET4.0C; .NET4.0E; MS-RTC LM 8; InfoPath.3; rv:11.0) like Gecko";2016-07-05T08:41:06-04:00;425;QCDYAO
46;1680x1050;GRSYSM;bachelor degree;male;1680x1050;Mozilla/5.0 (Windows NT 6.1) AppleWebKit/537.36 (KHTML, like Gecko) Chrome/51.0.2704.103 Safari/537.36;2016-07-05T08:41:05-04:00;423;GRSYSM
32;2560x1400;LFQWGJ;college grad;female;2560x1440;"Mozilla/5.0 (Windows NT 6.1; WOW64; Trident/7.0; SLCC2; .NET CLR 2.0.50727; .NET CLR 3.5.30729; .NET CLR 3.0.30729; Media Center PC 6.0; .NET4.0C; .NET4.0E; MDDRJS; rv:11.0) like Gecko";2016-07-05T07:41:52-05:00;427;LFQWGJ
47;1366x728;VEGYHD;college;female;1366x768;"Mozilla/5.0 (Windows NT 6.1; WOW64; rv:43.0) Gecko/20100101 Firefox/43.0";2016-07-05T08:44:54-04:00;426;VEGYHD
29;1024x724;PJNZQE;some college;female;1024x768;"Mozilla/5.0 (Windows NT 6.1; WOW64; Trident/7.0; SLCC2; .NET CLR 2.0.50727; .NET CLR 3.5.30729; .NET CLR 3.0.30729; .NET4.0C; .NET4.0E; MS-RTC LM 8; InfoPath.3; rv:11.0) like Gecko";2016-07-05T08:41:56-04:00;428;PJNZQE
34;1366x728;PPVUIH;Bachelors ;female;1366x768;"Mozilla/5.0 (Windows NT 10.0; WOW64) AppleWebKit/537.36 (KHTML, like Gecko) Chrome/51.0.2704.106 Safari/537.36";2016-07-05T08:42:17-04:00;429;PPVUIH
28;1680x1050;XMDZGW;Bachelor s Degree;female;1680x1050;"Mozilla/5.0 (Windows NT 6.1; WOW64) AppleWebKit/537.36 (KHTML, like Gecko) Chrome/51.0.2704.84 Safari/537.36";2016-07-05T08:41:11-04:00;424;XMDZGW
52;1920x1040;SYGTRF;BA;female;1920x1080;"Mozilla/5.0 (Windows NT 10.0; WOW64) AppleWebKit/537.36 (KHTML, like Gecko) Chrome/51.0.2704.103 Safari/537.36";2016-07-05T07:43:12-05:00;430;SYGTRF
38;1680x1010;FKPBFD;college graduate;female;1680x1050;"Mozilla/5.0 (Windows NT 6.1; WOW64) AppleWebKit/537.36 (KHTML, like Gecko) Chrome/51.0.2704.103 Safari/537.36";2016-07-05T08:40:28-04:00;431;FKPBFD
46;1202x768;YCODNU;Master of Arts;female;1280x768;"Mozilla/5.0 (Windows NT 6.1; WOW64) AppleWebKit/537.36 (KHTML, like Gecko) Chrome/51.0.2704.103 Safari/537.36";2016-07-05T07:44:16-05:00;432;YCODNU
41;1920x1080;BHDKKC;PhD;male;1920x1080;"Mozilla/5.0 (Windows NT 6.1; WOW64) AppleWebKit/537.36 (KHTML, like Gecko) Chrome/51.0.2704.103 Safari/537.36";2016-07-05T08:44:38-04:00;433;BHDKKC
48;1360x728;GONGAZ;BSEE;male;1360x768;Mozilla/5.0 (Windows NT 10.0) AppleWebKit/537.36 (KHTML, like Gecko) Chrome/51.0.2704.103 Safari/537.36;2016-07-05T06:44:44-06:00;435;GONGAZ
19;1440x873;MXGFCI;Some College;male;1440x900;"Mozilla/5.0 (Macintosh; Intel Mac OS X 10_11_5) AppleWebKit/537.36 (KHTML, like Gecko) Chrome/51.0.2704.103 Safari/537.36";2016-07-05T07:44:48-05:00;434;MXGFCI
34;1366x728;TMPVAV;High School Diploma;female;1366x768;"Mozilla/5.0 (Windows NT 10.0; WOW64) AppleWebKit/537.36 (KHTML, like Gecko) Chrome/51.0.2704.103 Safari/537.36";2016-07-05T08:45:01-04:00;436;TMPVAV
35;1280x706;FKIPGB;Master Degree;female;1280x800;"Mozilla/5.0 (Macintosh; Intel Mac OS X 10_11_5) AppleWebKit/537.36 (KHTML, like Gecko) Chrome/51.0.2704.106 Safari/537.36";2016-07-05T08:45:37-04:00;437;FKIPGB
60;1440x815;NJKYJD;Masters;female;1440x900;"Mozilla/5.0 (Macintosh; Intel Mac OS X 10_11_5) AppleWebKit/601.6.17 (KHTML, like Gecko) Version/9.1.1 Safari/601.6.17";2016-07-05T08:45:42-04:00;438;NJKYJD
24;1600x860;NDRHBV;Graduate School;female;1600x900;"Mozilla/5.0 (Windows NT 10.0; WOW64) AppleWebKit/537.36 (KHTML, like Gecko) Chrome/51.0.2704.103 Safari/537.36";2016-07-05T08:46:27-04:00;439;NDRHBV
35;1280x984;MBBWGH;bachelors degree;female;1280x1024;"Mozilla/5.0 (Windows NT 6.1; WOW64; Trident/7.0; SLCC2; .NET CLR 2.0.50727; .NET CLR 3.5.30729; .NET CLR 3.0.30729; .NET4.0C; .NET4.0E; Media Center PC 6.0; InfoPath.3; GWX:MANAGED; GWX:DOWNLOADED; GWX:QUALIFIED; rv:11.0) like Gecko";2016-07-05T08:46:32-04:00;440;
22;375x647;VPJTRH;Bachelors  4year degree ;female;375x667;"Mozilla/5.0 (iPhone; CPU iPhone OS 9_3_2 like Mac OS X) AppleWebKit/601.1.46 (KHTML, like Gecko) Version/9.0 Mobile/13F69 Safari/601.1";2016-07-05T08:46:35-04:00;441;VPJTRH
27;360x640;UUHPNL;Associate;female;360x640;"Mozilla/5.0 (Linux; Android 4.1.2; Z998 Build/JZO54K) AppleWebKit/537.36 (KHTML, like Gecko) Chrome/51.0.2704.81 Mobile Safari/537.36";2016-07-05T08:47:04-04:00;442;UUHPNL
67;1920x1050;XENIZM;some college;male;1920x1080;"Mozilla/5.0 (Windows NT 6.1; WOW64) AppleWebKit/537.36 (KHTML, like Gecko) Chrome/51.0.2704.103 Safari/537.36";2016-07-05T07:47:36-05:00;443;XENIZM
47;1366x728;IWKSXJ;Master s degree;female;1366x768;Mozilla/5.0 (Windows NT 6.1) AppleWebKit/537.36 (KHTML, like Gecko) Chrome/51.0.2704.103 Safari/537.36;2016-07-05T08:51:55-04:00;444;IWKSXJ
40;1680x1020;DMGUSW;Masters;male;1680x1050;"Mozilla/5.0 (Windows NT 6.1; WOW64; Trident/7.0; SLCC2; .NET CLR 2.0.50727; .NET CLR 3.5.30729; .NET CLR 3.0.30729; Media Center PC 6.0; InfoPath.3; .NET4.0C; .NET4.0E; rv:11.0) like Gecko";2016-07-05T08:48:25-04:00;445;DMGUSW
59;1680x1010;SBFRTB;some college,no degree;female;1680x1050;"Mozilla/5.0 (Windows NT 6.3; WOW64; rv:47.0) Gecko/20100101 Firefox/47.0";2016-07-05T08:51:30-04:00;446;SBFRTB
62;1551x876;NDDSFZ;bs;male;1600x900;"Mozilla/5.0 (X11; Ubuntu; Linux x86_64; rv:47.0) Gecko/20100101 Firefox/47.0";2016-07-05T07:51:27-05:00;447;NDDSFZ
25;1920x1040;YVBLUD;Some College;female;1920x1080;"Mozilla/5.0 (Windows NT 6.1; Trident/7.0; SLCC2; .NET CLR 2.0.50727; .NET CLR 3.5.30729; .NET CLR 3.0.30729; .NET4.0C; .NET4.0E; InfoPath.3; rv:11.0) like Gecko";2016-07-05T08:52:02-04:00;449;YVBLUD
43;1366x721;LGXWQF;Some College;male;1366x768;"Mozilla/5.0 (X11; CrOS x86_64 8172.60.0) AppleWebKit/537.36 (KHTML, like Gecko) Chrome/51.0.2704.103 Safari/537.36";2016-07-05T05:52:23-07:00;450;LGXWQF
50;1680x1050;WKMESW;Associates Degree;female;1680x1050;"Mozilla/5.0 (Windows NT 10.0; WOW64; rv:47.0) Gecko/20100101 Firefox/47.0";2016-07-05T08:52:32-04:00;452;WKMESW
32;1280x984;RBQEBS;College graduate  4 year degree ;female;1280x1024;Mozilla/5.0 (Windows NT 6.1) AppleWebKit/537.36 (KHTML, like Gecko) Chrome/51.0.2704.103 Safari/537.36;2016-07-05T08:51:56-04:00;448;RBQEBS
27;1366x728;LUSFEO;associate;female;1366x768;"Mozilla/5.0 (Windows NT 10.0; Win64; x64) AppleWebKit/537.36 (KHTML, like Gecko) Chrome/46.0.2486.0 Safari/537.36 Edge/13.10586";2016-07-05T08:52:19-04:00;451;LUSFEO
25;1920x1040;GOVPNK;Some College;female;1920x1080;"Mozilla/5.0 (Windows NT 6.1; Trident/7.0; SLCC2; .NET CLR 2.0.50727; .NET CLR 3.5.30729; .NET CLR 3.0.30729; .NET4.0C; .NET4.0E; InfoPath.3; rv:11.0) like Gecko";2016-07-05T08:53:51-04:00;454;GOVPNK
39;748x1024;WHHZKG;BA;female;768x1024;"Mozilla/5.0 (iPad; CPU OS 7_1_2 like Mac OS X) AppleWebKit/537.51.2 (KHTML, like Gecko) Version/7.0 Mobile/11D257 Safari/9537.53";2016-07-05T08:54:59-04:00;455;WHHZKG
48;1365x971;QBCZIW;bachelors degree;male;1365x1024;"Mozilla/5.0 (Windows NT 6.3; Trident/7.0; .NET4.0E; .NET4.0C; GWX:DOWNLOADED; GWX:RESERVED; GWX:QUALIFIED; rv:11.0) like Gecko";2016-07-04T16:11:37-07:00;456;
37;1920x1030;SJOAGO;Bachelor Degree;female;1920x1080;"Mozilla/5.0 (Windows NT 10.0; WOW64) AppleWebKit/537.36 (KHTML, like Gecko) Chrome/51.0.2704.103 Safari/537.36";2016-07-05T07:55:27-05:00;457;SJOAGO
27;1366x728;ULIGSX;associate;female;1366x768;"Mozilla/5.0 (Windows NT 10.0; WOW64) AppleWebKit/537.36 (KHTML, like Gecko) Chrome/51.0.2704.103 Safari/537.36";2016-07-05T08:55:39-04:00;458;ULIGSX
31;1280x774;XNJQDW;Master s;female;1280x800;"Mozilla/5.0 (Macintosh; Intel Mac OS X 10_8_5) AppleWebKit/537.36 (KHTML, like Gecko) Chrome/49.0.2623.112 Safari/537.36";2016-07-05T08:58:34-04:00;459;XNJQDW
32;1600x860;WMVSBN;ged;male;1600x900;"Mozilla/5.0 (Windows NT 6.3; WOW64) AppleWebKit/537.36 (KHTML, like Gecko) Chrome/51.0.2704.103 Safari/537.36";2016-07-05T08:56:52-04:00;460;WMVSBN
55;1600x850;DGVYPN;BA  Hons  degree;male;1600x900;"Mozilla/5.0 (Windows NT 10.0; WOW64) AppleWebKit/537.36 (KHTML, like Gecko) Chrome/51.0.2704.103 Safari/537.36";2016-07-05T13:57:48+01:00;461;DGVYPN
55;1600x850;YBZPJO;BA  Hons  degree;male;1600x900;"Mozilla/5.0 (Windows NT 10.0; WOW64) AppleWebKit/537.36 (KHTML, like Gecko) Chrome/51.0.2704.103 Safari/537.36";2016-07-05T13:59:02+01:00;462;YBZPJO
26;1920x1040;LNEPAD;college;male;1920x1080;"Mozilla/5.0 (Windows NT 6.1; Win64; x64) AppleWebKit/537.36 (KHTML, like Gecko) Chrome/51.0.2704.103 Safari/537.36";2016-07-05T08:59:37-04:00;463;LNEPAD
48;1536x824;SUBHCM;BA;female;1536x864;"Mozilla/5.0 (Windows NT 10.0; WOW64; Trident/7.0; .NET4.0C; .NET4.0E; .NET CLR 2.0.50727; .NET CLR 3.0.30729; .NET CLR 3.5.30729; InfoPath.3; rv:11.0) like Gecko";2016-07-05T08:00:28-05:00;464;SUBHCM
35;1280x760;PTZFAW;Master;male;1280x800;"Mozilla/5.0 (Windows NT 10.0; WOW64; rv:46.0) Gecko/20100101 Firefox/46.0";2016-07-05T18:34:54+05:30;465;PTZFAW
39;1440x830;EXECYX;BA;female;1440x900;"Mozilla/5.0 (Windows NT 6.0; rv:47.0) Gecko/20100101 Firefox/47.0";2016-07-05T09:06:03-04:00;466;EXECYX
51;1680x1010;ITEWWA;Bachelor of Science;male;1680x1050;"Mozilla/5.0 (Windows NT 10.0; Win64; x64) AppleWebKit/537.36 (KHTML, like Gecko) Chrome/48.0.2564.116 Safari/537.36";2016-07-05T08:08:57-05:00;467;ITEWWA
27;534x320;LWYNZN;High School ;female;534x320;"Mozilla/5.0 (Linux; Android 4.4.2; LG-VS450PP Build/KOT49I.VS450PP1) AppleWebKit/537.36 (KHTML, like Gecko) Chrome/51.0.2704.81 Mobile Safari/537.36";2016-07-05T06:09:14-07:00;468;LWYNZN
47;1280x747;EWDVGY;associates;male;1280x800;"Mozilla/5.0 (Macintosh; Intel Mac OS X 10_10_5) AppleWebKit/537.36 (KHTML, like Gecko) Chrome/51.0.2704.103 Safari/537.36";2016-07-05T21:10:11+08:00;469;EWDVGY
64;1600x900;PEINFP;12;male;1600x900;"Mozilla/5.0 (Windows NT 6.1; WOW64) AppleWebKit/537.36 (KHTML, like Gecko) Chrome/51.0.2704.103 Safari/537.36";2016-07-05T09:12:04-04:00;470;PEINFP
23;1440x804;EZJKNF;Masters;female;1440x900;"Mozilla/5.0 (Macintosh; Intel Mac OS X 10_10_5) AppleWebKit/537.36 (KHTML, like Gecko) Chrome/51.0.2704.103 Safari/537.36";2016-07-05T09:12:19-04:00;472;EZJKNF
21;1328x745;EPIXYL;College;female;1366x768;"Mozilla/5.0 (Macintosh; Intel Mac OS X 10_10_0) AppleWebKit/537.36 (KHTML, like Gecko) Chrome/51.0.2704.103 Safari/537.36";2016-07-05T09:12:06-04:00;471;EPIXYL
25;1438x777;BLVHUG;Masters;female;1438x808;"Mozilla/5.0 (Windows NT 6.1; WOW64; Trident/7.0; SLCC2; .NET CLR 2.0.50727; .NET CLR 3.5.30729; .NET CLR 3.0.30729; Media Center PC 6.0; InfoPath.3; .NET4.0C; .NET4.0E; rv:11.0) like Gecko";2016-07-05T09:12:51-04:00;473;BLVHUG
47;1366x728;APUJKV;College graduate;female;1366x768;"Mozilla/5.0 (Windows NT 6.1; WOW64) AppleWebKit/537.36 (KHTML, like Gecko) Chrome/51.0.2704.103 Safari/537.36";2016-07-05T09:13:32-04:00;474;APUJKV
23;1440x873;OPTEFJ;bachelor s;female;1440x900;"Mozilla/5.0 (Macintosh; Intel Mac OS X 10_10_4) AppleWebKit/537.36 (KHTML, like Gecko) Chrome/51.0.2704.103 Safari/537.36";2016-07-05T09:15:19-04:00;475;OPTEFJ
29;320x480;RWJACR;Associates degree;female;320x480;"Mozilla/5.0 (Linux; Android 4.4.2; VS415PP Build/KOT49I.VS415PP2) AppleWebKit/537.36 (KHTML, like Gecko) Chrome/50.0.2661.89 Mobile Safari/537.36";2016-07-05T09:16:25-04:00;476;RWJACR
45;1280x984;CQNXQY;college degree;female;1280x1024;"Mozilla/5.0 (Windows NT 10.0; Win64; x64) AppleWebKit/537.36 (KHTML, like Gecko) Chrome/51.0.2704.106 Safari/537.36";2016-07-05T09:17:33-04:00;477;CQNXQY
60;1920x1050;KIJEAJ;master of science;female;1920x1080;"Mozilla/5.0 (Windows NT 6.0; WOW64) AppleWebKit/537.36 (KHTML, like Gecko) Chrome/49.0.2623.112 Safari/537.36";2016-07-05T09:17:48-04:00;479;KIJEAJ
22;1440x860;DGGAZF;currently in college;female;1440x900;"Mozilla/5.0 (Windows NT 6.1; WOW64) AppleWebKit/537.36 (KHTML, like Gecko) Chrome/49.0.2623.110 Safari/537.36";2016-07-05T08:35:41-05:00;480;DGGAZF
36;1920x1080;XILUJA;JD;male;1920x1080;"Mozilla/5.0 (Windows NT 10.0; Win64; x64) AppleWebKit/537.36 (KHTML, like Gecko) Chrome/51.0.2704.103 Safari/537.36";2016-07-05T09:37:29-04:00;481;XILUJA
65;1024x740;DEKMLW;BS degree;male;1024x768;"Mozilla/5.0 (Windows NT 5.1; rv:42.0) Gecko/20100101 Firefox/42.0";2016-07-05T08:41:07-05:00;482;DEKMLW
43;1366x728;ZFQYGF;some college;female;1366x768;"Mozilla/5.0 (Windows NT 10.0; WOW64; rv:47.0) Gecko/20100101 Firefox/47.0";2016-07-05T08:43:48-05:00;483;ZFQYGF
24;1600x860;HSXVVH;High School Graduate;female;1600x900;"Mozilla/5.0 (Windows NT 10.0; WOW64) AppleWebKit/537.36 (KHTML, like Gecko) Chrome/51.0.2704.103 Safari/537.36";2016-07-05T09:45:13-04:00;484;HSXVVH
30;768x1004;XIJBHS;Masters degree;female;768x1024;"Mozilla/5.0 (iPad; CPU OS 9_3_2 like Mac OS X) AppleWebKit/601.1.46 (KHTML, like Gecko) Version/9.0 Mobile/13F69 Safari/601.1";2016-07-05T09:48:58-04:00;485;XIJBHS
21;1366x728;PUSJMH;Some college;female;1366x768;"Mozilla/5.0 (Windows NT 10.0; WOW64; rv:47.0) Gecko/20100101 Firefox/47.0";2016-07-05T08:50:59-05:00;486;PUSJMH
47;1536x832;CBGDXW;12;male;1536x864;"Mozilla/5.0 (Windows NT 10.0; WOW64; Trident/7.0; .NET4.0C; .NET4.0E; .NET CLR 2.0.50727; .NET CLR 3.0.30729; .NET CLR 3.5.30729; rv:11.0) like Gecko";2016-07-05T10:13:27-04:00;487;CBGDXW
27;1920x1080;LYACUF;bachelor;female;1920x1080;"Mozilla/5.0 (Windows NT 6.1; WOW64) AppleWebKit/537.36 (KHTML, like Gecko) Chrome/51.0.2704.103 Safari/537.36";2016-07-05T10:15:10-04:00;488;LYACUF
46;1360x768;JSPMZL;College AS Degree;female;1360x768;"Mozilla/5.0 (Windows NT 6.1; WOW64) AppleWebKit/537.36 (KHTML, like Gecko) Chrome/51.0.2704.103 Safari/537.36";2016-07-05T10:17:23-04:00;489;JSPMZL
32;1440x860;PMESXV;Undergraduate degree;female;1440x900;"Mozilla/5.0 (Windows NT 10.0; WOW64) AppleWebKit/537.36 (KHTML, like Gecko) Chrome/51.0.2704.103 Safari/537.36";2016-07-05T09:27:39-05:00;490;PMESXV
56;2560x1387;XUACRU;BA;female;2560x1440;"Mozilla/5.0 (Windows NT 10.0; WOW64; Trident/7.0; .NET4.0C; .NET4.0E; Tablet PC 2.0; rv:11.0) like Gecko";2016-07-05T10:29:32-04:00;491;XUACRU
56;1920x1040;EBMYYE;BA;female;1920x1080;"Mozilla/5.0 (Windows NT 10.0; WOW64) AppleWebKit/537.36 (KHTML, like Gecko) Chrome/51.0.2704.103 Safari/537.36";2016-07-05T10:31:09-04:00;492;EBMYYE
35;1366x768;QKETFJ;BA;female;1366x768;"Mozilla/5.0 (Windows NT 10.0; WOW64) AppleWebKit/537.36 (KHTML, like Gecko) Chrome/51.0.2704.103 Safari/537.36";2016-07-05T09:18:51-06:00;493;QKETFJ
30;1920x1146;SXBQJK;Bachelor s of Science;male;1920x1200;"Mozilla/5.0 (Windows NT 6.1; WOW64; rv:45.0) Gecko/20100101 Firefox/45.0";2016-07-05T11:25:18-04:00;494;SXBQJK
38;768x1004;XNGETM;BA;female;768x1024;"Mozilla/5.0 (iPad; CPU OS 9_3_2 like Mac OS X) AppleWebKit/601.1.46 (KHTML, like Gecko) Version/9.0 Mobile/13F69 Safari/601.1";2016-07-05T10:33:17-05:00;495;XNGETM
38;1280x693;EMKMQF;BA;female;1280x720;"Mozilla/5.0 (Windows NT 6.1; Win64; x64; Trident/7.0; .NET CLR 2.0.50727; SLCC2; .NET CLR 3.5.30729; .NET CLR 3.0.30729; Media Center PC 6.0; .NET4.0C; .NET4.0E; GWX:DOWNLOADED; GWX:QUALIFIED; rv:11.0) like Gecko";2016-07-05T10:37:19-05:00;496;EMKMQF
38;1920x1040;IJATVV;BA;female;1920x1080;"Mozilla/5.0 (Windows NT 6.1; Win64; x64) AppleWebKit/537.36 (KHTML, like Gecko) Chrome/51.0.2704.103 Safari/537.36";2016-07-05T10:39:38-05:00;497;IJATVV
41;1440x860;SBPLUR;bachelors ;female;1440x900;"Mozilla/5.0 (Windows NT 10.0; rv:47.0) Gecko/20100101 Firefox/47.0";2016-07-05T12:39:45-04:00;498;SBPLUR
30;360x640;NCSCZX;4 year college;male;360x640;"Mozilla/5.0 (Linux; Android 5.1.1; VS880 Build/LMY47V) AppleWebKit/537.36 (KHTML, like Gecko) Chrome/51.0.2704.81 Mobile Safari/537.36";2016-07-05T12:51:47-04:00;500;NCSCZX
23;1920x967;OVTUZX;BA;female;1920x1080;"Mozilla/5.0 (Macintosh; Intel Mac OS X 10_7_5) AppleWebKit/537.36 (KHTML, like Gecko) Chrome/49.0.2623.112 Safari/537.36";2016-07-05T13:17:46-04:00;501;OVTUZX
