code;page;time;vpid;cid
SPKFEB;-1;5310;35;SPKFEB
SPKFEB;0;4322;35;SPKFEB
SPKFEB;1;40591;35;SPKFEB
SPKFEB;2;16832;35;SPKFEB
SPKFEB;3;3779;35;SPKFEB
IFLMNX;-1;4115;36;IFLMNX
IFLMNX;0;3526;36;IFLMNX
IFLMNX;1;85581;36;IFLMNX
IFLMNX;2;451018;36;IFLMNX
IFLMNX;3;28005;36;IFLMNX
SPKFEB;-1;1540;35;SPKFEB
SPKFEB;0;787;35;SPKFEB
SPKFEB;-1;1116;35;SPKFEB
SPKFEB;0;676;35;SPKFEB
SPKFEB;2;80258;35;SPKFEB
SPKFEB;3;2087;35;SPKFEB
KODHVR;-1;9610;38;KODHVR
KODHVR;0;17837;38;KODHVR
KODHVR;1;161942;38;KODHVR
KODHVR;2;64125;38;KODHVR
KODHVR;3;21028;38;KODHVR
EFQEDH;-1;3321;39;EFQEDH
EFQEDH;0;1068;39;EFQEDH
EFQEDH;1;2022;39;EFQEDH
EFQEDH;2;1094;39;EFQEDH
EFQEDH;3;821;39;EFQEDH
SPKFEB;-1;4330;35;SPKFEB
IHGVKG;-1;2272;41;IHGVKG
IHGVKG;0;1385;41;IHGVKG
IHGVKG;1;2121;41;IHGVKG
CVVNCY;-1;1931;42;CVVNCY
CVVNCY;0;1456;42;CVVNCY
CVVNCY;2;16441;42;CVVNCY
CVVNCY;3;5367;42;CVVNCY
NUKFMS;-1;7986;43;NUKFMS
NUKFMS;0;2469;43;NUKFMS
NUKFMS;1;1727;43;NUKFMS
NUKFMS;2;6945;43;NUKFMS
NUKFMS;3;4730;43;NUKFMS
OXZCEK;-1;1742;44;OXZCEK
OXZCEK;0;1023;44;OXZCEK
ZLQGSR;-1;1550;45;ZLQGSR
ZLQGSR;0;1387;45;ZLQGSR
ZLQGSR;1;1148;45;ZLQGSR
ZLQGSR;2;1572;45;ZLQGSR
ZLQGSR;3;1400;45;ZLQGSR
CTLGEU;2;1510;46;CTLGEU
CTLGEU;3;828;46;CTLGEU
RJTLUP;-1;2656;47;RJTLUP
RJTLUP;0;1541;47;RJTLUP
RJTLUP;1;4167;47;RJTLUP
RJTLUP;2;4703;47;RJTLUP
RJTLUP;3;1215;47;RJTLUP
KJEWTF;-1;1180;48;KJEWTF
KJEWTF;0;845;48;KJEWTF
KJEWTF;1;2061;48;KJEWTF
KJEWTF;2;885;48;KJEWTF
KJEWTF;3;862;48;KJEWTF
WQYKQD;-1;1763;50;WQYKQD
WQYKQD;0;1397;50;WQYKQD
WQYKQD;1;1254;50;WQYKQD
WQYKQD;2;1403;50;WQYKQD
WQYKQD;3;1173;50;WQYKQD
HRLIKQ;-1;3503;51;HRLIKQ
HRLIKQ;0;5369;51;HRLIKQ
HRLIKQ;1;13357;51;HRLIKQ
HRLIKQ;2;12684;51;HRLIKQ
HRLIKQ;3;8299;51;HRLIKQ
DZXULD;-1;14826;54;DZXULD
DZXULD;0;5429;54;DZXULD
KCXKYN;-1;4364;55;KCXKYN
KCXKYN;0;2759;55;KCXKYN
ZZLJEB;-1;15418;53;ZZLJEB
DZXULD;1;29803;54;DZXULD
ZZLJEB;0;21015;53;ZZLJEB
KCXKYN;1;28642;55;KCXKYN
OGXXXB;-1;8277;56;OGXXXB
OGXXXB;0;4678;56;OGXXXB
DZXULD;2;19009;54;DZXULD
DZXULD;3;11881;54;DZXULD
OGXXXB;1;48209;56;OGXXXB
XRMSKY;-1;5044;61;XRMSKY
XRMSKY;0;1607;61;XRMSKY
KCXKYN;2;10902;55;KCXKYN
XDXUDM;-1;15223;58;XDXUDM
XDXUDM;0;4435;58;XDXUDM
KCXKYN;3;7622;55;KCXKYN
OGXXXB;2;9414;56;OGXXXB
WXMRAC;-1;48208;60;WXMRAC
OGXXXB;3;12431;56;OGXXXB
WXMRAC;0;10412;60;WXMRAC
TRYNPR;-1;16220;62;TRYNPR
WXMRAC;1;38439;60;WXMRAC
ERBDEL;-1;14279;64;ERBDEL
TRYNPR;0;9821;62;TRYNPR
ERBDEL;0;7466;64;ERBDEL
SRDAJD;-1;21737;65;SRDAJD
TLVNGY;-1;3320;63;TLVNGY
ZZLJEB;1;172947;53;ZZLJEB
UJNJQM;-1;7282;66;UJNJQM
UJNJQM;0;4887;66;UJNJQM
WXMRAC;2;6551;60;WXMRAC
TRYNPR;1;51672;62;TRYNPR
BFCTLQ;-1;3342;68;BFCTLQ
BFCTLQ;0;3172;68;BFCTLQ
WXMRAC;3;14575;60;WXMRAC
BFCTLQ;1;22309;68;BFCTLQ
SRDAJD;0;73911;65;SRDAJD
UJNJQM;1;52861;66;UJNJQM
ZZLJEB;2;43501;53;ZZLJEB
TRYNPR;2;18865;62;TRYNPR
ZZLJEB;3;14676;53;ZZLJEB
BFCTLQ;2;7376;68;BFCTLQ
TRYNPR;3;14526;62;TRYNPR
BFCTLQ;3;6235;68;BFCTLQ
SRDAJD;1;54252;65;SRDAJD
TLVNGY;0;130222;63;TLVNGY
RXCLJA;-1;21317;69;RXCLJA
RXCLJA;0;9462;69;RXCLJA
TLVNGY;1;35473;63;TLVNGY
ILNWZM;-1;4334;70;ILNWZM
ILNWZM;0;4341;70;ILNWZM
ILNWZM;1;10909;70;ILNWZM
TLVNGY;2;7463;63;TLVNGY
RXCLJA;1;51330;69;RXCLJA
TLVNGY;3;11432;63;TLVNGY
SRDAJD;2;38294;65;SRDAJD
SRDAJD;3;14883;65;SRDAJD
WFGTIP;-1;343457;59;WFGTIP
ILNWZM;2;4160;70;ILNWZM
WFGTIP;0;5279;59;WFGTIP
CIZXJU;-1;5827;71;CIZXJU
ILNWZM;3;6939;70;ILNWZM
CIZXJU;0;4476;71;CIZXJU
WFGTIP;1;29527;59;WFGTIP
RXCLJA;2;34507;69;RXCLJA
AEDCUI;0;5474;72;AEDCUI
RXCLJA;3;16563;69;RXCLJA
XWKPYB;0;34310;73;XWKPYB
CIZXJU;1;90018;71;CIZXJU
SJSNCL;0;7484;75;SJSNCL
WFGTIP;2;44319;59;WFGTIP
PZZPBH;0;32779;74;PZZPBH
AEDCUI;1;81267;72;AEDCUI
AEDCUI;2;83193;72;AEDCUI
SJSNCL;1;47756;75;SJSNCL
WFGTIP;3;17823;59;WFGTIP
CIZXJU;2;19609;71;CIZXJU
OCLXDQ;0;5205;77;OCLXDQ
CIZXJU;3;26812;71;CIZXJU
PZZPBH;1;81495;74;PZZPBH
OCLXDQ;1;37019;77;OCLXDQ
SJSNCL;2;18948;75;SJSNCL
PORDUM;0;3070;79;PORDUM
AXEKRS;0;13369;78;AXEKRS
SJSNCL;3;13265;75;SJSNCL
PORDUM;1;36073;79;PORDUM
AEDCUI;2;34940;72;AEDCUI
AXEKRS;1;50927;78;AXEKRS
AEDCUI;3;19918;72;AEDCUI
XWKPYB;1;224045;73;XWKPYB
OCLXDQ;2;10299;77;OCLXDQ
OCLXDQ;3;11781;77;OCLXDQ
PORDUM;2;7058;79;PORDUM
PORDUM;3;3225;79;PORDUM
PZZPBH;2;3157;74;PZZPBH
RJRMNB;0;6533;80;RJRMNB
PZZPBH;3;5104;74;PZZPBH
RJRMNB;1;39247;80;RJRMNB
XWKPYB;2;10355;73;XWKPYB
NZFTZX;0;14321;81;NZFTZX
XWKPYB;3;13071;73;XWKPYB
NZFTZX;1;80312;81;NZFTZX
EHKRTI;0;3939;82;EHKRTI
UNZTDR;0;7235;83;UNZTDR
EHKRTI;1;26865;82;EHKRTI
NZFTZX;2;41306;81;NZFTZX
NZFTZX;3;27461;81;NZFTZX
EHKRTI;2;31548;82;EHKRTI
EHKRTI;3;12952;82;EHKRTI
OOLGVK;0;5573;84;OOLGVK
OOLGVK;1;47066;84;OOLGVK
LSAVJB;0;6127;85;LSAVJB
OOLGVK;2;31239;84;OOLGVK
OOLGVK;3;8663;84;OOLGVK
HRGNUJ;0;4184;86;HRGNUJ
HRGNUJ;1;19990;86;HRGNUJ
LSAVJB;2;4243;85;LSAVJB
OFPSFT;0;5218;87;OFPSFT
OFPSFT;1;12199;87;OFPSFT
HRGNUJ;2;18447;86;HRGNUJ
OFPSFT;2;8243;87;OFPSFT
OFPSFT;3;1092;87;OFPSFT
UINQFE;0;6667;88;UINQFE
DHWBLW;0;3101;89;DHWBLW
FHFQCN;0;5472;90;FHFQCN
FHFQCN;1;1759;90;FHFQCN
DHWBLW;1;49201;89;DHWBLW
UNZTDR;2;52328;83;UNZTDR
FHFQCN;2;1666;90;FHFQCN
FHFQCN;3;2559;90;FHFQCN
HJLFWC;0;4990;91;HJLFWC
DHWBLW;2;28156;89;DHWBLW
DHWBLW;3;7692;89;DHWBLW
QAJHLS;0;4596;92;QAJHLS
XTVGVA;0;5607;93;XTVGVA
QAJHLS;1;50805;92;QAJHLS
HJLFWC;2;16903;91;HJLFWC
DDNYGP;0;32627;94;DDNYGP
QAJHLS;2;14695;92;QAJHLS
QAJHLS;3;4866;92;QAJHLS
GSFHJZ;-1;2962;96;GSFHJZ
GSFHJZ;0;6440;96;GSFHJZ
GSFHJZ;1;5139;96;GSFHJZ
EOZIMP;0;11986;95;EOZIMP
DDNYGP;2;20387;94;DDNYGP
ILNGPU;-1;9253;97;ILNGPU
ILNGPU;0;1926;97;ILNGPU
GSFHJZ;2;8582;96;GSFHJZ
GSFHJZ;3;2865;96;GSFHJZ
EOZIMP;1;60172;95;EOZIMP
CQHLRL;-1;7330;98;CQHLRL
CQHLRL;0;2610;98;CQHLRL
CQHLRL;1;19844;98;CQHLRL
ILNGPU;1;75198;97;ILNGPU
CQHLRL;2;12237;98;CQHLRL
CQHLRL;3;6026;98;CQHLRL
IKRPHP;-1;8834;99;IKRPHP
IKRPHP;0;4526;99;IKRPHP
YVUGMK;-1;10435;100;YVUGMK
YVUGMK;0;6987;100;YVUGMK
EOZIMP;2;52527;95;EOZIMP
IKRPHP;1;32464;99;IKRPHP
EOZIMP;3;19166;95;EOZIMP
ILNGPU;2;4179;97;ILNGPU
ILNGPU;3;4295;97;ILNGPU
JYOXRB;-1;28145;101;JYOXRB
WLMUCA;-1;23981;102;WLMUCA
JYOXRB;0;20038;101;JYOXRB
WLMUCA;0;4749;102;WLMUCA
IKRPHP;2;17537;99;IKRPHP
WLMUCA;1;34970;102;WLMUCA
IKRPHP;3;7110;99;IKRPHP
SKLMFU;-1;1699;103;SKLMFU
SKLMFU;0;2205;103;SKLMFU
JYOXRB;1;84763;101;JYOXRB
SKLMFU;1;11858;103;SKLMFU
WLMUCA;2;22235;102;WLMUCA
WLMUCA;3;10072;102;WLMUCA
SKLMFU;2;1628;103;SKLMFU
SKLMFU;3;1279;103;SKLMFU
AEEMGE;-1;6577;105;AEEMGE
MUXPCH;-1;16555;104;MUXPCH
AEEMGE;0;4957;105;AEEMGE
MUXPCH;0;3950;104;MUXPCH
RMYQYN;-1;1488;107;RMYQYN
AEEMGE;1;15964;105;AEEMGE
FQZTGM;-1;6609;108;FQZTGM
FQZTGM;0;2472;108;FQZTGM
FQZTGM;1;8934;108;FQZTGM
MUXPCH;1;45626;104;MUXPCH
YVUGMK;1;256668;100;YVUGMK
TZVVGL;-1;11894;106;TZVVGL
AEEMGE;2;12026;105;AEEMGE
TZVVGL;0;5785;106;TZVVGL
AEEMGE;3;8077;105;AEEMGE
FQZTGM;2;8575;108;FQZTGM
FQZTGM;3;3447;108;FQZTGM
MUXPCH;2;20468;104;MUXPCH
MUXPCH;3;9548;104;MUXPCH
ZDPRGD;-1;12800;109;ZDPRGD
ZDPRGD;0;4356;109;ZDPRGD
YVUGMK;2;40358;100;YVUGMK
ZXHZPL;-1;3675;111;ZXHZPL
ZXHZPL;0;3712;111;ZXHZPL
YVUGMK;3;10566;100;YVUGMK
ZXHZPL;1;15881;111;ZXHZPL
ZDPRGD;1;35044;109;ZDPRGD
JYOXRB;2;100813;101;JYOXRB
TZVVGL;2;29276;106;TZVVGL
ZXHZPL;2;3948;111;ZXHZPL
JYOXRB;3;33665;101;JYOXRB
ZXHZPL;3;3207;111;ZXHZPL
XACZFH;-1;4783;112;XACZFH
XACZFH;0;1752;112;XACZFH
TJLROQ;-1;4641;113;TJLROQ
TJLROQ;0;3390;113;TJLROQ
XACZFH;1;29960;112;XACZFH
HRJJAH;-1;7213;114;HRJJAH
HRJJAH;0;5115;114;HRJJAH
TJLROQ;1;62302;113;TJLROQ
TJLROQ;2;12842;113;TJLROQ
TJLROQ;3;10583;113;TJLROQ
JPXCCB;-1;7410;115;JPXCCB
JPXCCB;0;6848;115;JPXCCB
JPXCCB;2;22637;115;JPXCCB
LDWWLK;-1;19326;116;LDWWLK
LDWWLK;0;5459;116;LDWWLK
BYAUWA;-1;13436;117;BYAUWA
BYAUWA;0;6297;117;BYAUWA
BYAUWA;1;30032;117;BYAUWA
LDWWLK;1;162073;116;LDWWLK
SPPAEQ;-1;11751;118;SPPAEQ
SPPAEQ;0;7193;118;SPPAEQ
LDWWLK;2;47464;116;LDWWLK
LDWWLK;3;14159;116;LDWWLK
SPPAEQ;1;56141;118;SPPAEQ
SNEQFN;-1;13571;119;SNEQFN
SNEQFN;0;3743;119;SNEQFN
SPPAEQ;2;8620;118;SPPAEQ
SPPAEQ;3;14686;118;SPPAEQ
BBFJUU;-1;1725;120;BBFJUU
BBFJUU;0;4025;120;BBFJUU
BBFJUU;1;10684;120;BBFJUU
BBFJUU;2;10154;120;BBFJUU
BBFJUU;3;7377;120;BBFJUU
IIBMKM;-1;15240;121;IIBMKM
IIBMKM;0;2401;121;IIBMKM
IIBMKM;1;29573;121;IIBMKM
MCIOIM;-1;7372;122;MCIOIM
MCIOIM;0;4862;122;MCIOIM
MCIOIM;1;32594;122;MCIOIM
PCXPLJ;-1;2280;123;PCXPLJ
PCXPLJ;0;2838;123;PCXPLJ
IIBMKM;2;24611;121;IIBMKM
IIBMKM;3;49438;121;IIBMKM
SLLJUA;-1;1605;126;SLLJUA
SLLJUA;0;990;126;SLLJUA
SLLJUA;1;1782;126;SLLJUA
HZTPOX;-1;45655;124;HZTPOX
HZTPOX;0;38934;124;HZTPOX
SLLJUA;2;10399;126;SLLJUA
SLLJUA;3;8282;126;SLLJUA
ZQFMRZ;-1;17162;127;ZQFMRZ
RPJKER;-1;13795;129;RPJKER
ZQFMRZ;0;30903;127;ZQFMRZ
RPJKER;0;6824;129;RPJKER
HZTPOX;1;141323;124;HZTPOX
LSRKCR;-1;21597;130;LSRKCR
LSRKCR;0;6033;130;LSRKCR
DKPOBV;-1;4807;131;DKPOBV
QKWZVE;-1;4178;132;QKWZVE
DKPOBV;0;4397;131;DKPOBV
QKWZVE;0;4116;132;QKWZVE
ZQFMRZ;1;60024;127;ZQFMRZ
GYDEKW;-1;47855;128;GYDEKW
GYDEKW;0;9276;128;GYDEKW
LSRKCR;1;54311;130;LSRKCR
HZTPOX;2;10833;124;HZTPOX
HZTPOX;3;7776;124;HZTPOX
ZQFMRZ;2;25053;127;ZQFMRZ
DKPOBV;2;11473;131;DKPOBV
ZQFMRZ;3;8754;127;ZQFMRZ
MRYSWB;-1;8604;134;MRYSWB
MRYSWB;0;5144;134;MRYSWB
QKWZVE;2;21092;132;QKWZVE
IHBIUX;-1;5528;135;IHBIUX
IHBIUX;0;3814;135;IHBIUX
LSRKCR;2;21478;130;LSRKCR
LSRKCR;3;3997;130;LSRKCR
MRYSWB;1;38061;134;MRYSWB
IHBIUX;1;35103;135;IHBIUX
MRYSWB;2;10284;134;MRYSWB
MRYSWB;3;12199;134;MRYSWB
IHBIUX;2;12429;135;IHBIUX
IHBIUX;3;11162;135;IHBIUX
GYDEKW;2;118711;128;GYDEKW
TPWJEW;-1;27341;136;TPWJEW
TPWJEW;0;14579;136;TPWJEW
TPWJEW;1;68226;136;TPWJEW
THHGGA;-1;11648;137;THHGGA
THHGGA;0;6656;137;THHGGA
TPWJEW;2;86174;136;TPWJEW
YOMJWI;-1;14922;138;YOMJWI
YOMJWI;0;7794;138;YOMJWI
TPWJEW;3;13340;136;TPWJEW
YOMJWI;1;56556;138;YOMJWI
YOMJWI;2;22010;138;YOMJWI
YOMJWI;3;19184;138;YOMJWI
LUTTQW;-1;5172;139;LUTTQW
LUTTQW;0;2342;139;LUTTQW
LUTTQW;1;4339;139;LUTTQW
PWHNDI;-1;7580;140;PWHNDI
PWHNDI;0;5287;140;PWHNDI
SVXAQY;-1;34346;141;SVXAQY
SVXAQY;0;4340;141;SVXAQY
QKAHZX;-1;6932;143;QKAHZX
QKAHZX;0;4757;143;QKAHZX
LUTTQW;2;5779;139;LUTTQW
LUTTQW;3;3547;139;LUTTQW
SVXAQY;1;31164;141;SVXAQY
SVXAQY;2;23769;141;SVXAQY
SVXAQY;3;12560;141;SVXAQY
PWHNDI;2;42097;140;PWHNDI
IKPTVD;0;4590;144;IKPTVD
CBVBYA;0;5230;145;CBVBYA
IKPTVD;0;2537;144;IKPTVD
XAFJAH;-1;196066;142;XAFJAH
XAFJAH;0;65511;142;XAFJAH
QKAHZX;2;24320;143;QKAHZX
PQLOER;0;10042;146;PQLOER
CBVBYA;2;41446;145;CBVBYA
CTCHNM;0;3772;147;CTCHNM
CTCHNM;1;11275;147;CTCHNM
XAFJAH;1;88259;142;XAFJAH
CTCHNM;2;15525;147;CTCHNM
CTCHNM;3;2715;147;CTCHNM
BABSBC;0;14656;148;BABSBC
IITHNK;0;3425;149;IITHNK
IITHNK;1;41022;149;IITHNK
DUSNPS;0;8333;150;DUSNPS
XAFJAH;2;123273;142;XAFJAH
GFXCEU;0;6830;151;GFXCEU
GFXCEU;1;2914;151;GFXCEU
XAFJAH;3;25909;142;XAFJAH
DUSNPS;1;29746;150;DUSNPS
IITHNK;2;13435;149;IITHNK
BABSBC;2;17569;148;BABSBC
IITHNK;3;6327;149;IITHNK
DUSNPS;2;18347;150;DUSNPS
DUSNPS;3;17693;150;DUSNPS
EMBMUO;0;4677;152;EMBMUO
XLZPNS;0;3370;153;XLZPNS
EMBMUO;2;63388;152;EMBMUO
EMBMUO;1;63123;152;EMBMUO
XRURAU;0;3556;155;XRURAU
HMQAXH;0;10573;154;HMQAXH
XRURAU;1;21154;155;XRURAU
EMBMUO;2;11911;152;EMBMUO
EMBMUO;3;8396;152;EMBMUO
XRURAU;2;5189;155;XRURAU
XRURAU;3;4618;155;XRURAU
FMZJTZ;0;14510;156;FMZJTZ
VPVQXK;0;6608;158;VPVQXK
VPVQXK;1;42877;158;VPVQXK
WPNNCK;0;3603;159;WPNNCK
ZKVYNX;0;2691;160;ZKVYNX
HXSNBQ;0;2916;161;HXSNBQ
VPVQXK;2;42111;158;VPVQXK
VPVQXK;3;19974;158;VPVQXK
ZHKDJM;0;6142;163;ZHKDJM
WPNNCK;2;24910;159;WPNNCK
WPNNCK;3;4378;159;WPNNCK
ZHKDJM;1;34692;163;ZHKDJM
BMEPPF;0;5619;164;BMEPPF
QRRZRR;0;1951;165;QRRZRR
QRRZRR;1;2072;165;QRRZRR
BMEPPF;1;40349;164;BMEPPF
BMEPPF;2;2537;164;BMEPPF
BMEPPF;3;6983;164;BMEPPF
JZUZRS;0;4192;166;JZUZRS
KOZHPC;0;5095;167;KOZHPC
KOZHPC;1;34020;167;KOZHPC
KOZHPC;2;13979;167;KOZHPC
KOZHPC;3;6636;167;KOZHPC
NODQCN;-1;21760;168;NODQCN
NODQCN;0;17390;168;NODQCN
NODQCN;1;30544;168;NODQCN
XCBWDK;-1;16244;169;XCBWDK
XCBWDK;0;11898;169;XCBWDK
NODQCN;2;25949;168;NODQCN
FLGEMX;-1;9168;170;FLGEMX
NODQCN;3;13084;168;NODQCN
FLGEMX;0;4436;170;FLGEMX
XCBWDK;1;83164;169;XCBWDK
FLGEMX;1;32354;170;FLGEMX
INEBLR;-1;3203;171;INEBLR
INEBLR;0;1356;171;INEBLR
XCBWDK;2;26980;169;XCBWDK
INEBLR;2;237;171;INEBLR
FLGEMX;2;7169;170;FLGEMX
XCBWDK;3;15356;169;XCBWDK
FLGEMX;3;7440;170;FLGEMX
TKSGXV;-1;13683;172;TKSGXV
TKSGXV;0;9157;172;TKSGXV
FMZJTZ;2;712294;156;FMZJTZ
BZPRKK;-1;19471;174;BZPRKK
BZPRKK;0;4923;174;BZPRKK
KRTWKF;-1;6116;175;KRTWKF
KRTWKF;0;4205;175;KRTWKF
KRTWKF;1;11568;175;KRTWKF
RKVMFG;-1;6733;176;RKVMFG
BZPRKK;2;8003;174;BZPRKK
RKVMFG;0;9783;176;RKVMFG
ENCDIE;-1;174285;173;ENCDIE
ENCDIE;0;4803;173;ENCDIE
RKVMFG;1;36775;176;RKVMFG
RKVMFG;2;6371;176;RKVMFG
SZAYRH;-1;3865;177;SZAYRH
SZAYRH;0;2966;177;SZAYRH
RKVMFG;3;7668;176;RKVMFG
SZAYRH;2;85828;177;SZAYRH
LWEGOF;-1;3745;178;LWEGOF
LWEGOF;0;5526;178;LWEGOF
LWEGOF;1;23591;178;LWEGOF
LWEGOF;2;4445;178;LWEGOF
LWEGOF;3;3096;178;LWEGOF
RLTMKE;-1;8981;181;RLTMKE
BDJYKJ;-1;48061;180;BDJYKJ
RLTMKE;0;7808;181;RLTMKE
BDJYKJ;0;7481;180;BDJYKJ
RLTMKE;1;31800;181;RLTMKE
WKBAHI;-1;19240;183;WKBAHI
WKBAHI;0;8691;183;WKBAHI
SXJNYJ;-1;3309;184;SXJNYJ
SXJNYJ;0;2632;184;SXJNYJ
WKBAHI;1;32605;183;WKBAHI
RLTMKE;2;33222;181;RLTMKE
RLTMKE;3;22152;181;RLTMKE
SXJNYJ;-1;2153;184;SXJNYJ
SXJNYJ;0;1198;184;SXJNYJ
RIWQNE;-1;13143;185;RIWQNE
RIWQNE;0;3139;185;RIWQNE
SXJNYJ;-1;1355;184;SXJNYJ
SXJNYJ;0;1199;184;SXJNYJ
RIWQNE;1;30382;185;RIWQNE
LFJNIK;-1;7338;186;LFJNIK
LFJNIK;0;2228;186;LFJNIK
JGXEXS;-1;8574;187;JGXEXS
LFJNIK;1;29139;186;LFJNIK
WKBAHI;2;28911;183;WKBAHI
AQDZEL;-1;20972;188;AQDZEL
WKBAHI;3;17190;183;WKBAHI
JGXEXS;0;38340;187;JGXEXS
AQDZEL;0;7684;188;AQDZEL
RIWQNE;2;16276;185;RIWQNE
JGXEXS;1;34103;187;JGXEXS
AQDZEL;1;32156;188;AQDZEL
LFJNIK;2;32862;186;LFJNIK
RIWQNE;3;18252;185;RIWQNE
LFJNIK;3;9678;186;LFJNIK
JGXEXS;2;25093;187;JGXEXS
JGXEXS;3;6814;187;JGXEXS
AQDZEL;2;37957;188;AQDZEL
LLURZV;-1;11826;192;LLURZV
LLURZV;0;6260;192;LLURZV
AQDZEL;3;14466;188;AQDZEL
IQHHAY;-1;3678;194;IQHHAY
IQHHAY;0;3101;194;IQHHAY
YNNIVS;-1;105989;191;YNNIVS
YNNIVS;0;9718;191;YNNIVS
TRNTKP;-1;14603;195;TRNTKP
IQHHAY;1;31990;194;IQHHAY
LLURZV;1;105244;192;LLURZV
TRNTKP;0;30495;195;TRNTKP
IQHHAY;2;17802;194;IQHHAY
IQHHAY;3;3924;194;IQHHAY
VDVRAB;-1;6996;196;VDVRAB
VDVRAB;0;2014;196;VDVRAB
SPLZWN;-1;5618;197;SPLZWN
SPLZWN;0;5583;197;SPLZWN
TRNTKP;1;59677;195;TRNTKP
VDVRAB;1;38144;196;VDVRAB
YNNIVS;2;8218;191;YNNIVS
LLURZV;2;20594;192;LLURZV
SPLZWN;1;32887;197;SPLZWN
LLURZV;3;9307;192;LLURZV
YNERWE;-1;22698;198;YNERWE
TRNTKP;2;23333;195;TRNTKP
TRNTKP;3;2670;195;TRNTKP
YNERWE;0;21942;198;YNERWE
SPLZWN;2;26374;197;SPLZWN
AENXHD;-1;5285;199;AENXHD
WXBNDE;-1;2033;200;WXBNDE
WXBNDE;0;1915;200;WXBNDE
SPLZWN;3;9847;197;SPLZWN
AENXHD;0;21196;199;AENXHD
WXBNDE;1;23870;200;WXBNDE
AENXHD;1;7746;199;AENXHD
WXBNDE;2;27046;200;WXBNDE
LDXXQH;-1;2241;201;LDXXQH
BYNJOI;-1;17442;202;BYNJOI
LDXXQH;0;4161;201;LDXXQH
VDVRAB;2;63707;196;VDVRAB
BYNJOI;0;8682;202;BYNJOI
LDXXQH;1;20642;201;LDXXQH
VDVRAB;3;16674;196;VDVRAB
WXBNDE;2;14980;200;WXBNDE
WXBNDE;3;2219;200;WXBNDE
SNLISM;-1;1638;204;SNLISM
SNLISM;0;1792;204;SNLISM
QSIJMJ;-1;4915;203;QSIJMJ
SNLISM;1;6153;204;SNLISM
QSIJMJ;0;3585;203;QSIJMJ
QSIJMJ;1;31877;203;QSIJMJ
AENXHD;2;39444;199;AENXHD
AENXHD;3;5752;199;AENXHD
AENXHD;4;6328;199;AENXHD
BYNJOI;2;28485;202;BYNJOI
QSIJMJ;2;2629;203;QSIJMJ
QSIJMJ;3;8799;203;QSIJMJ
YNERWE;2;68000;198;YNERWE
QVOBPQ;-1;20603;205;QVOBPQ
QVOBPQ;0;8779;205;QVOBPQ
LPYPSV;-1;14167;206;LPYPSV
LPYPSV;0;7888;206;LPYPSV
WDZCBC;-1;2686;208;WDZCBC
WDZCBC;0;1796;208;WDZCBC
QDBLQZ;-1;4324;207;QDBLQZ
QDBLQZ;0;4342;207;QDBLQZ
LPYPSV;1;39351;206;LPYPSV
QDBLQZ;1;9606;207;QDBLQZ
QVOBPQ;1;51361;205;QVOBPQ
ZUQKNO;-1;7784;209;ZUQKNO
ZUQKNO;0;6954;209;ZUQKNO
FVTYJC;-1;8140;210;FVTYJC
FVTYJC;0;2936;210;FVTYJC
ZUQKNO;1;39401;209;ZUQKNO
SQDQLH;-1;5433;211;SQDQLH
SQDQLH;0;2771;211;SQDQLH
QDBLQZ;2;59586;207;QDBLQZ
QDBLQZ;3;4051;207;QDBLQZ
QVOBPQ;2;15160;205;QVOBPQ
FVTYJC;1;39084;210;FVTYJC
SQDQLH;1;20831;211;SQDQLH
QVOBPQ;3;21120;205;QVOBPQ
SQDQLH;2;1818;211;SQDQLH
SQDQLH;3;2802;211;SQDQLH
FVTYJC;2;18927;210;FVTYJC
FVTYJC;3;5703;210;FVTYJC
ZUQKNO;2;7590;209;ZUQKNO
QWZYGF;-1;19655;212;QWZYGF
ZUQKNO;3;5999;209;ZUQKNO
QWZYGF;0;8814;212;QWZYGF
QWZYGF;1;41685;212;QWZYGF
DBOLDC;-1;8730;213;DBOLDC
DBOLDC;0;7145;213;DBOLDC
NXXIDY;-1;2137;214;NXXIDY
NXXIDY;0;3205;214;NXXIDY
NXXIDY;1;21992;214;NXXIDY
FUQLVG;-1;4826;215;FUQLVG
FUQLVG;0;3795;215;FUQLVG
SJCAPM;0;3927;216;SJCAPM
DCOUOW;0;4910;218;DCOUOW
FUQLVG;1;21080;215;FUQLVG
NXXIDY;2;2314;214;NXXIDY
GLBAWD;0;5236;217;GLBAWD
NXXIDY;3;1858;214;NXXIDY
DCOUOW;1;7072;218;DCOUOW
WANZEQ;0;2025;219;WANZEQ
WANZEQ;1;3543;219;WANZEQ
FUQLVG;2;6244;215;FUQLVG
QWZYGF;2;25173;212;QWZYGF
ICVVRF;0;13702;220;ICVVRF
JLXHBP;0;3704;222;JLXHBP
SJCAPM;2;14495;216;SJCAPM
QWZYGF;3;16265;212;QWZYGF
ODOHTD;0;1232;223;ODOHTD
JVLTDQ;0;1502;225;JVLTDQ
ODOHTD;1;16703;223;ODOHTD
WANZEQ;2;33361;219;WANZEQ
GIIJVO;0;5425;224;GIIJVO
JLXHBP;1;41203;222;JLXHBP
ICVVRF;1;45884;220;ICVVRF
QJOZDX;0;4076;226;QJOZDX
JLXHBP;0;51867;222;JLXHBP
JLXHBP;1;3355;222;JLXHBP
ICVVRF;2;5044;220;ICVVRF
ICVVRF;3;2533;220;ICVVRF
XYMOXV;0;5659;227;XYMOXV
MGOPEG;0;5484;228;MGOPEG
LGCSAB;0;3616;229;LGCSAB
MGOPEG;1;44197;228;MGOPEG
LGCSAB;1;25494;229;LGCSAB
GLBAWD;1;346582;217;GLBAWD
IXSQBQ;0;10959;230;IXSQBQ
AJWUGX;0;1929;231;AJWUGX
LGCSAB;2;15840;229;LGCSAB
SGWGLB;0;8224;232;SGWGLB
LGCSAB;3;13522;229;LGCSAB
AJWUGX;1;28883;231;AJWUGX
QEDAQC;0;8094;234;QEDAQC
GLBAWD;2;45297;217;GLBAWD
GLBAWD;3;3166;217;GLBAWD
PBWRQT;0;3437;233;PBWRQT
UIDHIL;0;1995;236;UIDHIL
UIDHIL;1;3760;236;UIDHIL
IXSQBQ;1;123993;230;IXSQBQ
ECTXRJ;0;4950;237;ECTXRJ
PBWRQT;2;26770;233;PBWRQT
PBWRQT;3;9866;233;PBWRQT
JDLRXH;0;3221;235;JDLRXH
UXYWGO;0;1561;239;UXYWGO
JDLRXH;1;14060;235;JDLRXH
QEDAQC;2;33395;234;QEDAQC
UXYWGO;1;5722;239;UXYWGO
ECTXRJ;1;44502;237;ECTXRJ
XJONNT;0;3966;238;XJONNT
UIDHIL;2;13049;236;UIDHIL
UIDHIL;3;3242;236;UIDHIL
GEYOLC;-1;11378;240;GEYOLC
JDLRXH;2;2457;235;JDLRXH
GEYOLC;0;3247;240;GEYOLC
JDLRXH;3;3967;235;JDLRXH
GEYOLC;1;24822;240;GEYOLC
ROLZTE;-1;45081;241;ROLZTE
ROLZTE;0;3871;241;ROLZTE
ECTXRJ;2;26615;237;ECTXRJ
ECTXRJ;3;18191;237;ECTXRJ
GEYOLC;2;6323;240;GEYOLC
ROLZTE;1;31922;241;ROLZTE
GEYOLC;3;9379;240;GEYOLC
IXSQBQ;2;44480;230;IXSQBQ
IXSQBQ;3;15884;230;IXSQBQ
ROLZTE;2;12116;241;ROLZTE
ROLZTE;3;11215;241;ROLZTE
SDBUMP;-1;19103;242;SDBUMP
SDBUMP;0;5757;242;SDBUMP
KZZDMK;-1;28153;243;KZZDMK
KZZDMK;0;6532;243;KZZDMK
KZZDMK;1;35213;243;KZZDMK
XBIAXO;0;578395;221;XBIAXO
SDBUMP;1;111530;242;SDBUMP
BCOZKZ;-1;2518;244;BCOZKZ
BCOZKZ;0;2061;244;BCOZKZ
BCOZKZ;1;2627;244;BCOZKZ
KZZDMK;2;16117;243;KZZDMK
KZZDMK;3;9966;243;KZZDMK
JOTCQK;-1;7901;245;JOTCQK
WMDDWE;-1;3925;246;WMDDWE
WMDDWE;0;1450;246;WMDDWE
WMDDWE;1;24154;246;WMDDWE
SDBUMP;2;24054;242;SDBUMP
SDBUMP;3;12283;242;SDBUMP
RRGSVY;-1;9228;247;RRGSVY
PZRHIQ;-1;8229;249;PZRHIQ
RRGSVY;0;4191;247;RRGSVY
PZRHIQ;0;3820;249;PZRHIQ
PZRHIQ;1;12739;249;PZRHIQ
PNUVQJ;-1;2415;250;PNUVQJ
PNUVQJ;0;1844;250;PNUVQJ
PNUVQJ;1;8688;250;PNUVQJ
NGGOKT;-1;8808;248;NGGOKT
NGGOKT;0;2255;248;NGGOKT
FRHYZI;-1;17542;251;FRHYZI
FRHYZI;0;5390;251;FRHYZI
AKQJTW;-1;1657;252;AKQJTW
AKQJTW;0;1033;252;AKQJTW
PNUVQJ;2;4128;250;PNUVQJ
PNUVQJ;3;662;250;PNUVQJ
WMDDWE;2;4530;246;WMDDWE
WMDDWE;3;1190;246;WMDDWE
AKQJTW;1;7517;252;AKQJTW
NGCQPX;-1;1315;253;NGCQPX
NGCQPX;0;1037;253;NGCQPX
JOTCQK;0;149383;245;JOTCQK
JOTCQK;1;4932;245;JOTCQK
AKQJTW;2;2750;252;AKQJTW
AKQJTW;3;726;252;AKQJTW
FRHYZI;1;40831;251;FRHYZI
RRGSVY;2;18380;247;RRGSVY
NGCQPX;2;2241;253;NGCQPX
JOTCQK;2;9243;245;JOTCQK
NGCQPX;3;1542;253;NGCQPX
JOTCQK;3;807;245;JOTCQK
APWGIL;-1;33215;254;APWGIL
KRAHFX;-1;22570;256;KRAHFX
APWGIL;0;4614;254;APWGIL
STKDFG;-1;9430;257;STKDFG
XTUAPR;-1;6481;255;XTUAPR
STKDFG;0;4348;257;STKDFG
CNZEOT;-1;3414;258;CNZEOT
XTUAPR;0;4876;255;XTUAPR
CNZEOT;0;4126;258;CNZEOT
KRAHFX;0;31949;256;KRAHFX
STKDFG;1;22246;257;STKDFG
CIOUMA;-1;1586;260;CIOUMA
CIOUMA;0;1092;260;CIOUMA
CIOUMA;1;1287;260;CIOUMA
XTUAPR;1;35968;255;XTUAPR
WKWLCV;-1;7572;261;WKWLCV
WKWLCV;0;2990;261;WKWLCV
APWGIL;1;76877;254;APWGIL
SPVKRW;-1;9564;262;SPVKRW
SPVKRW;0;10631;262;SPVKRW
STKDFG;2;17176;257;STKDFG
STKDFG;3;9457;257;STKDFG
VCJNNS;-1;3232;263;VCJNNS
APWGIL;2;24506;254;APWGIL
VCJNNS;0;2945;263;VCJNNS
CIOUMA;2;5504;260;CIOUMA
CIOUMA;3;1246;260;CIOUMA
XTUAPR;2;20251;255;XTUAPR
APWGIL;3;20319;254;APWGIL
ZJHSJN;-1;12102;264;ZJHSJN
XTUAPR;3;12677;255;XTUAPR
ZJHSJN;0;32838;264;ZJHSJN
FLCVRO;-1;10647;265;FLCVRO
FLCVRO;0;4747;265;FLCVRO
KXPKNX;-1;2502;267;KXPKNX
ZJHSJN;1;38460;264;ZJHSJN
KXPKNX;0;2290;267;KXPKNX
XBMFSJ;-1;20273;266;XBMFSJ
GKXXJY;-1;4496;269;GKXXJY
GKXXJY;0;2614;269;GKXXJY
KXPKNX;1;25084;267;KXPKNX
NGGOKT;2;4260;248;NGGOKT
XBMFSJ;0;24213;266;XBMFSJ
NGGOKT;3;4507;248;NGGOKT
JVLTDQ;1;1310900;225;JVLTDQ
EMRLAR;-1;19998;268;EMRLAR
GKXXJY;1;22324;269;GKXXJY
EMRLAR;0;5856;268;EMRLAR
GJTWRP;-1;6969;270;GJTWRP
GJTWRP;0;6599;270;GJTWRP
LJZYWV;-1;4250;271;LJZYWV
LJZYWV;0;8439;271;LJZYWV
ZJHSJN;2;24007;264;ZJHSJN
KXPKNX;2;14023;267;KXPKNX
KXPKNX;3;7745;267;KXPKNX
ZJHSJN;3;18093;264;ZJHSJN
TTZLKA;-1;11409;272;TTZLKA
TTZLKA;0;5511;272;TTZLKA
LJZYWV;1;40897;271;LJZYWV
FLCVRO;2;10856;265;FLCVRO
FXECJS;0;3457;273;FXECJS
SPVKRW;2;175555;262;SPVKRW
EMRLAR;1;78676;268;EMRLAR
XBMFSJ;1;97593;266;XBMFSJ
GJTWRP;2;13612;270;GJTWRP
ELDKGP;-1;2332;274;ELDKGP
ELDKGP;0;3119;274;ELDKGP
MYQMUM;-1;6096;275;MYQMUM
MYQMUM;0;4246;275;MYQMUM
JDTDOT;-1;2695;277;JDTDOT
ELDKGP;1;22957;274;ELDKGP
JDTDOT;0;1622;277;JDTDOT
FUGMIL;-1;23515;276;FUGMIL
FUGMIL;0;9879;276;FUGMIL
HQDOMV;-1;8120;278;HQDOMV
HQDOMV;0;10524;278;HQDOMV
ELDKGP;2;6427;274;ELDKGP
ELDKGP;3;1377;274;ELDKGP
MYQMUM;1;53551;275;MYQMUM
EMRLAR;2;36420;268;EMRLAR
SBTQRW;-1;1816;279;SBTQRW
SBTQRW;0;1188;279;SBTQRW
SBTQRW;1;2268;279;SBTQRW
EMRLAR;3;14246;268;EMRLAR
LJZYWV;2;3864;271;LJZYWV
HQDOMV;1;38311;278;HQDOMV
JDTDOT;2;13929;277;JDTDOT
LJZYWV;3;13653;271;LJZYWV
KKAJCQ;-1;5963;280;KKAJCQ
KKAJCQ;0;4380;280;KKAJCQ
GYGUMS;-1;2193;282;GYGUMS
GYGUMS;0;5774;282;GYGUMS
GYGUMS;1;3461;282;GYGUMS
HQDOMV;2;15961;278;HQDOMV
FUGMIL;2;12089;276;FUGMIL
HQDOMV;3;8534;278;HQDOMV
FUGMIL;3;5516;276;FUGMIL
VTLUNK;-1;15422;283;VTLUNK
UUGUOX;-1;4766;285;UUGUOX
LOCNZC;-1;12419;284;LOCNZC
VTLUNK;0;6126;283;VTLUNK
TXSIBM;-1;37953;281;TXSIBM
UUGUOX;0;5400;285;UUGUOX
LOCNZC;0;10332;284;LOCNZC
TXSIBM;0;8912;281;TXSIBM
UUGUOX;1;21673;285;UUGUOX
LIQHYB;-1;1702;287;LIQHYB
LIQHYB;0;2110;287;LIQHYB
SBTQRW;2;22377;279;SBTQRW
TTZLKA;2;6974;272;TTZLKA
KDQGVQ;-1;530967;259;KDQGVQ
KDQGVQ;0;4989;259;KDQGVQ
OUCALY;0;5579;288;OUCALY
SBTQRW;3;20156;279;SBTQRW
LOCNZC;1;45469;284;LOCNZC
OUCALY;1;14578;288;OUCALY
LIQHYB;1;30126;287;LIQHYB
TXSIBM;1;50328;281;TXSIBM
UUGUOX;2;6367;285;UUGUOX
GYMWLE;0;3576;289;GYMWLE
UUGUOX;3;9925;285;UUGUOX
JDJWGB;0;2292;291;JDJWGB
JDJWGB;1;848;291;JDJWGB
NGXFSZ;0;5886;290;NGXFSZ
LIQHYB;2;11632;287;LIQHYB
LIQHYB;3;4197;287;LIQHYB
NGXFSZ;1;18080;290;NGXFSZ
VTLUNK;2;35645;283;VTLUNK
JHHYRS;0;12208;292;JHHYRS
MCGSSP;0;4189;294;MCGSSP
KDQGVQ;1;113135;259;KDQGVQ
JNQIDA;0;2356;295;JNQIDA
TXSIBM;2;49384;281;TXSIBM
JJKGMR;0;3885;296;JJKGMR
JNQIDA;1;25751;295;JNQIDA
NGXFSZ;2;8029;290;NGXFSZ
NGXFSZ;3;4337;290;NGXFSZ
KDQGVQ;2;4663;259;KDQGVQ
ACAEFC;0;7763;297;ACAEFC
KDQGVQ;3;4447;259;KDQGVQ
TXSIBM;3;21809;281;TXSIBM
EWRMEM;0;3221;299;EWRMEM
OGTZJV;0;6461;300;OGTZJV
EWRMEM;1;28679;299;EWRMEM
MCGSSP;1;121345;294;MCGSSP
OGTZJV;1;40438;300;OGTZJV
JJKGMR;2;25033;296;JJKGMR
UCVTEX;0;6465;305;UCVTEX
AYYXBG;0;4390;303;AYYXBG
JHHYRS;0;4631;292;JHHYRS
OGTZJV;2;12911;300;OGTZJV
ACAEFC;2;29254;297;ACAEFC
OGTZJV;3;14487;300;OGTZJV
AYYXBG;1;76534;303;AYYXBG
AYYXBG;2;28176;303;AYYXBG
AYYXBG;3;11238;303;AYYXBG
QOWEKP;0;40925;306;QOWEKP
GOAMTM;0;1698;307;GOAMTM
XCXJEW;0;2352;309;XCXJEW
HCEOCD;0;3006;310;HCEOCD
OUCALY;2;443045;288;OUCALY
NRCZRY;0;6709;308;NRCZRY
OUCALY;3;7948;288;OUCALY
NRCZRY;1;13474;308;NRCZRY
HCEOCD;1;27940;310;HCEOCD
GOAMTM;1;48308;307;GOAMTM
VJHWYK;0;12078;311;VJHWYK
GOAMTM;2;6103;307;GOAMTM
GOAMTM;3;3279;307;GOAMTM
MHUOZU;-1;29161;313;MHUOZU
MHUOZU;0;4062;313;MHUOZU
LOSWCB;-1;3066;312;LOSWCB
LOSWCB;0;2237;312;LOSWCB
EXQRVR;-1;2550;314;EXQRVR
EXQRVR;0;1391;314;EXQRVR
VJHWYK;1;75247;311;VJHWYK
YFAREZ;-1;25381;315;YFAREZ
YFAREZ;0;10916;315;YFAREZ
LOSWCB;2;24288;312;LOSWCB
CKSWBO;-1;9087;317;CKSWBO
YPFMDQ;-1;8834;316;YPFMDQ
CKSWBO;0;3165;317;CKSWBO
CKSWBO;1;8708;317;CKSWBO
YPFMDQ;0;11550;316;YPFMDQ
HZZXGF;-1;5570;318;HZZXGF
DFKKDT;-1;7470;319;DFKKDT
HZZXGF;0;11625;318;HZZXGF
DFKKDT;0;6533;319;DFKKDT
SJRYZM;-1;5141;320;SJRYZM
SJRYZM;0;4112;320;SJRYZM
VJHWYK;2;37532;311;VJHWYK
VJHWYK;3;9010;311;VJHWYK
SJRYZM;1;33179;320;SJRYZM
DDRTXD;-1;6569;321;DDRTXD
ZQDAES;-1;5669;322;ZQDAES
ZQDAES;0;3814;322;ZQDAES
CKSWBO;2;10434;317;CKSWBO
DDRTXD;0;11272;321;DDRTXD
CKSWBO;3;6438;317;CKSWBO
HZZXGF;1;74262;318;HZZXGF
SJRYZM;2;18981;320;SJRYZM
SJRYZM;3;8972;320;SJRYZM
RZVAGM;-1;4960;324;RZVAGM
RZVAGM;0;2868;324;RZVAGM
YUOZVB;-1;3946;326;YUOZVB
YUOZVB;0;6340;326;YUOZVB
QOWEKP;1;398862;306;QOWEKP
TTOIVF;-1;16872;325;TTOIVF
TTOIVF;0;9628;325;TTOIVF
HZZXGF;2;50019;318;HZZXGF
OEJUVG;-1;7463;327;OEJUVG
VWGXZN;-1;4271;328;VWGXZN
VWGXZN;0;1883;328;VWGXZN
OEJUVG;0;3948;327;OEJUVG
HZZXGF;3;22831;318;HZZXGF
VWGXZN;1;9117;328;VWGXZN
YUOZVB;2;5052;326;YUOZVB
MHBHRY;-1;2293;331;MHBHRY
MHBHRY;0;4789;331;MHBHRY
TTOIVF;1;42724;325;TTOIVF
GQVPGX;-1;17057;329;GQVPGX
GQVPGX;0;6631;329;GQVPGX
ZOCJUQ;-1;21441;330;ZOCJUQ
OEJUVG;1;37387;327;OEJUVG
DDRTXD;2;36053;321;DDRTXD
RZVAGM;2;15905;324;RZVAGM
ZOCJUQ;0;13067;330;ZOCJUQ
MHBHRY;1;38044;331;MHBHRY
GQVPGX;1;52734;329;GQVPGX
QOWEKP;2;45350;306;QOWEKP
LYWCBU;-1;3700;332;LYWCBU
ZOCJUQ;1;47954;330;ZOCJUQ
LYWCBU;0;1278;332;LYWCBU
MHBHRY;2;22556;331;MHBHRY
TTOIVF;2;32759;325;TTOIVF
ROPYFX;-1;9560;333;ROPYFX
MHBHRY;3;23990;331;MHBHRY
ROPYFX;0;8048;333;ROPYFX
TTOIVF;3;15295;325;TTOIVF
GQVPGX;2;31171;329;GQVPGX
GQVPGX;3;10307;329;GQVPGX
ROPYFX;1;24084;333;ROPYFX
USRBRQ;-1;2852;334;USRBRQ
USRBRQ;0;3922;334;USRBRQ
USRBRQ;1;13308;334;USRBRQ
OEJUVG;2;36788;327;OEJUVG
MFAJOF;-1;5147;335;MFAJOF
QOWEKP;2;30330;306;QOWEKP
OPRVJN;-1;4927;337;OPRVJN
MFAJOF;0;5240;335;MFAJOF
MCWEML;-1;4765;336;MCWEML
ZOCJUQ;2;60477;330;ZOCJUQ
OPRVJN;0;4487;337;OPRVJN
MCWEML;0;4426;336;MCWEML
ROPYFX;2;34166;333;ROPYFX
MCWEML;1;9807;336;MCWEML
QOWEKP;3;19848;306;QOWEKP
ZOCJUQ;3;16533;330;ZOCJUQ
ROPYFX;3;14478;333;ROPYFX
OPRVJN;1;33341;337;OPRVJN
JYHGRH;-1;9040;338;JYHGRH
JYHGRH;0;4982;338;JYHGRH
WXWCJZ;-1;2566;339;WXWCJZ
WXWCJZ;0;2798;339;WXWCJZ
PPCBZD;-1;3651;340;PPCBZD
PPCBZD;0;3230;340;PPCBZD
OPRVJN;2;27603;337;OPRVJN
OPRVJN;3;7888;337;OPRVJN
PPCBZD;1;19464;340;PPCBZD
EVXJHL;-1;7910;341;EVXJHL
EVXJHL;0;2105;341;EVXJHL
JYHGRH;2;5504;338;JYHGRH
JYHGRH;3;5381;338;JYHGRH
WXWCJZ;1;71936;339;WXWCJZ
PPCBZD;2;6371;340;PPCBZD
IUDRQB;-1;7966;342;IUDRQB
PPCBZD;3;5686;340;PPCBZD
IUDRQB;0;5427;342;IUDRQB
WTAQFZ;-1;1850;344;WTAQFZ
QIDLZO;-1;6557;343;QIDLZO
WTAQFZ;0;3958;344;WTAQFZ
QIDLZO;0;4215;343;QIDLZO
WXWCJZ;2;5134;339;WXWCJZ
WXWCJZ;3;6226;339;WXWCJZ
IUDRQB;1;30558;342;IUDRQB
QIDLZO;1;17036;343;QIDLZO
EVXJHL;2;15372;341;EVXJHL
DCIMEJ;-1;7440;345;DCIMEJ
DCIMEJ;0;4767;345;DCIMEJ
EYYKZD;-1;4596;346;EYYKZD
DCIMEJ;1;9202;345;DCIMEJ
PJANJA;-1;10962;348;PJANJA
HIDSHR;-1;11764;349;HIDSHR
HIDSHR;0;4770;349;HIDSHR
PJANJA;0;5808;348;PJANJA
IIYMFY;-1;27294;347;IIYMFY
IUDRQB;2;8195;342;IUDRQB
QIDLZO;2;14987;343;QIDLZO
IIYMFY;0;6318;347;IIYMFY
IUDRQB;3;4395;342;IUDRQB
HIDSHR;1;21531;349;HIDSHR
PJANJA;1;28766;348;PJANJA
QOWEKP;2;2943;306;QOWEKP
QIDLZO;3;14543;343;QIDLZO
QOWEKP;3;1304;306;QOWEKP
MWBFSY;-1;14022;350;MWBFSY
MWBFSY;0;9061;350;MWBFSY
EYYKZD;0;68435;346;EYYKZD
IIYMFY;1;41385;347;IIYMFY
HIDSHR;2;13062;349;HIDSHR
VKCTRR;-1;12016;351;VKCTRR
HIDSHR;3;7590;349;HIDSHR
VKCTRR;0;6630;351;VKCTRR
EYYKZD;1;32454;346;EYYKZD
JBHTQK;-1;1893;352;JBHTQK
IIYMFY;2;17090;347;IIYMFY
JBHTQK;0;4151;352;JBHTQK
VKCTRR;1;35824;351;VKCTRR
MWBFSY;1;66761;350;MWBFSY
PJANJA;2;28760;348;PJANJA
IIYMFY;3;16020;347;IIYMFY
PJANJA;3;10750;348;PJANJA
KHMFJE;-1;16097;353;KHMFJE
COAMXP;-1;21140;354;COAMXP
COAMXP;0;2762;354;COAMXP
MWBFSY;2;104375;350;MWBFSY
KHMFJE;0;17708;353;KHMFJE
VKCTRR;2;24470;351;VKCTRR
VKCTRR;3;13586;351;VKCTRR
PQPLWC;-1;2710;355;PQPLWC
PQPLWC;0;3662;355;PQPLWC
JBHTQK;2;15278;352;JBHTQK
XVXBPB;-1;2916;356;XVXBPB
XVXBPB;0;4225;356;XVXBPB
VQMSLO;-1;4203;358;VQMSLO
TXTFLX;-1;3444;357;TXTFLX
VQMSLO;0;2059;358;VQMSLO
TXTFLX;0;4512;357;TXTFLX
TXTFLX;1;17392;357;TXTFLX
VQMSLO;1;28929;358;VQMSLO
RBMPFK;-1;27655;359;RBMPFK
RBMPFK;0;5575;359;RBMPFK
XVXBPB;2;2119;356;XVXBPB
XVXBPB;3;2218;356;XVXBPB
PQPLWC;2;31193;355;PQPLWC
RAXUPV;0;6616;360;RAXUPV
VQMSLO;2;4832;358;VQMSLO
RBMPFK;1;25244;359;RBMPFK
VQMSLO;3;2857;358;VQMSLO
TXTFLX;2;16358;357;TXTFLX
TXTFLX;3;6881;357;TXTFLX
WMXPPG;0;6450;361;WMXPPG
BALKVO;0;11759;362;BALKVO
RBMPFK;2;11716;359;RBMPFK
BALKVO;1;20111;362;BALKVO
RBMPFK;3;2777;359;RBMPFK
OYUWTS;0;3412;364;OYUWTS
OYUWTS;1;16675;364;OYUWTS
RAXUPV;1;78954;360;RAXUPV
BALKVO;2;8630;362;BALKVO
BALKVO;3;7922;362;BALKVO
WMXPPG;2;11947;361;WMXPPG
WMXPPG;3;3494;361;WMXPPG
OYUWTS;2;2858;364;OYUWTS
OYUWTS;3;2233;364;OYUWTS
NDUDGU;0;7051;365;NDUDGU
RYFTDZ;0;1194;366;RYFTDZ
MNWGCV;0;4185;367;MNWGCV
RYFTDZ;1;3047;366;RYFTDZ
RAXUPV;2;61337;360;RAXUPV
RAXUPV;3;7559;360;RAXUPV
FMWFNM;0;8203;368;FMWFNM
SZHNZT;0;2323;369;SZHNZT
DBHHZZ;0;5236;371;DBHHZZ
MNWGCV;2;11203;367;MNWGCV
KKCVGH;0;5775;370;KKCVGH
KKCVGH;1;26208;370;KKCVGH
SORCMA;0;3816;372;SORCMA
NRUCLE;0;4764;373;NRUCLE
SORCMA;1;33548;372;SORCMA
DBHHZZ;1;66039;371;DBHHZZ
NRUCLE;1;16438;373;NRUCLE
SZHNZT;2;24786;369;SZHNZT
VGYRLT;0;5925;374;VGYRLT
VRGNNV;0;3154;375;VRGNNV
KKCVGH;2;26225;370;KKCVGH
FMWFNM;2;28235;368;FMWFNM
KKCVGH;3;14511;370;KKCVGH
OUGSBA;0;7456;376;OUGSBA
MDXJSL;0;13517;377;MDXJSL
SORCMA;2;38044;372;SORCMA
SORCMA;3;3230;372;SORCMA
NRUCLE;2;15171;373;NRUCLE
MDXJSL;1;34422;377;MDXJSL
NRUCLE;3;7333;373;NRUCLE
BNNBAQ;0;4969;378;BNNBAQ
OUGSBA;1;53024;376;OUGSBA
VGYRLT;1;99671;374;VGYRLT
BNNBAQ;1;25941;378;BNNBAQ
DBHHZZ;2;51853;371;DBHHZZ
XOFIJR;0;1634;381;XOFIJR
UFAXGM;0;1989;380;UFAXGM
DBHHZZ;3;15697;371;DBHHZZ
MDXJSL;2;20074;377;MDXJSL
BNNBAQ;2;11924;378;BNNBAQ
UFAXGM;1;18411;380;UFAXGM
BNNBAQ;3;3222;378;BNNBAQ
VGYRLT;2;11235;374;VGYRLT
MDXJSL;3;15610;377;MDXJSL
SMKISI;0;6315;382;SMKISI
OUGSBA;2;22608;376;OUGSBA
VGYRLT;3;11246;374;VGYRLT
OUGSBA;3;17503;376;OUGSBA
UFAXGM;2;2074;380;UFAXGM
VQEGUS;-1;11608;384;VQEGUS
UFAXGM;3;2673;380;UFAXGM
VQEGUS;0;10323;384;VQEGUS
SMKISI;1;40171;382;SMKISI
NXVYJP;-1;23969;385;NXVYJP
NXVYJP;0;4598;385;NXVYJP
JMAMNC;-1;5038;386;JMAMNC
JMAMNC;0;2287;386;JMAMNC
JMAMNC;1;2399;386;JMAMNC
WDTTBI;-1;4327;387;WDTTBI
WDTTBI;0;2758;387;WDTTBI
LOIAQP;-1;1988;389;LOIAQP
LOIAQP;0;1495;389;LOIAQP
QQBOGG;0;168757;379;QQBOGG
NXVYJP;1;50034;385;NXVYJP
LOIAQP;1;14696;389;LOIAQP
JMAMNC;-1;15693;386;JMAMNC
JMAMNC;0;8502;386;JMAMNC
WPTJXY;-1;10307;391;WPTJXY
WPTJXY;0;4367;391;WPTJXY
CADEHQ;-1;13568;392;CADEHQ
SMKISI;2;22115;382;SMKISI
ETKRLL;0;2784;383;ETKRLL
CADEHQ;0;10013;392;CADEHQ
SMKISI;3;10602;382;SMKISI
FSLLGN;-1;15270;393;FSLLGN
QQBOGG;1;58294;379;QQBOGG
FSLLGN;0;12034;393;FSLLGN
NXVYJP;2;18989;385;NXVYJP
NXVYJP;3;11361;385;NXVYJP
CADEHQ;1;52934;392;CADEHQ
JEDLIX;-1;10435;394;JEDLIX
JEDLIX;0;4517;394;JEDLIX
WDTTBI;2;16495;387;WDTTBI
QQBOGG;2;38214;379;QQBOGG
LOIAQP;2;31472;389;LOIAQP
QQBOGG;3;11962;379;QQBOGG
WPTJXY;2;29718;391;WPTJXY
LOIAQP;3;14185;389;LOIAQP
GTCVPX;-1;18335;390;GTCVPX
ZNBUWN;-1;3235;397;ZNBUWN
ZNBUWN;0;3038;397;ZNBUWN
JMAMNC;2;4190;386;JMAMNC
GTCVPX;0;12589;390;GTCVPX
HIXVWP;-1;21798;396;HIXVWP
JMAMNC;3;13257;386;JMAMNC
OEZPBB;-1;9378;399;OEZPBB
HIXVWP;0;14420;396;HIXVWP
OEZPBB;0;3809;399;OEZPBB
KRTPFH;-1;11427;398;KRTPFH
XHYWCV;-1;38029;395;XHYWCV
KRTPFH;0;4165;398;KRTPFH
XHYWCV;0;10704;395;XHYWCV
TVBEHJ;-1;8075;400;TVBEHJ
TVBEHJ;0;5219;400;TVBEHJ
ETKRLL;1;171844;383;ETKRLL
OEZPBB;1;24031;399;OEZPBB
TVBEHJ;1;5707;400;TVBEHJ
GTCVPX;1;49239;390;GTCVPX
YMMTRS;-1;14087;401;YMMTRS
CADEHQ;2;45956;392;CADEHQ
YMMTRS;0;7255;401;YMMTRS
HIXVWP;1;49961;396;HIXVWP
WVEHGA;-1;1633;402;WVEHGA
WVEHGA;0;4372;402;WVEHGA
ETKRLL;2;3312;383;ETKRLL
XHYWCV;1;49897;395;XHYWCV
ETKRLL;3;3709;383;ETKRLL
CADEHQ;3;20158;392;CADEHQ
XZPGNW;-1;8760;404;XZPGNW
YMMTRS;1;30162;401;YMMTRS
XZPGNW;0;4747;404;XZPGNW
QHMOZL;-1;20949;403;QHMOZL
QHMOZL;0;8569;403;QHMOZL
HIXVWP;2;38814;396;HIXVWP
HIXVWP;3;7674;396;HIXVWP
GTCVPX;2;37015;390;GTCVPX
QHMOZL;1;50488;403;QHMOZL
JEDLIX;2;14800;394;JEDLIX
YMMTRS;2;21845;401;YMMTRS
WVEHGA;1;98378;402;WVEHGA
GTCVPX;3;23780;390;GTCVPX
YMMTRS;3;13670;401;YMMTRS
OEZPBB;2;29951;399;OEZPBB
TVBEHJ;2;36002;400;TVBEHJ
OEZPBB;3;18625;399;OEZPBB
TVBEHJ;3;21750;400;TVBEHJ
WVEHGA;2;13411;402;WVEHGA
WVEHGA;3;11054;402;WVEHGA
RRLGDO;-1;9733;405;RRLGDO
RRLGDO;0;3597;405;RRLGDO
AWADEN;-1;8105;407;AWADEN
AWADEN;0;4452;407;AWADEN
NOEFZG;-1;12852;408;NOEFZG
NOEFZG;0;6403;408;NOEFZG
YYPUNF;-1;3031;410;YYPUNF
YYPUNF;0;2585;410;YYPUNF
OOTEOQ;-1;2898;409;OOTEOQ
OOTEOQ;0;2278;409;OOTEOQ
NOEFZG;1;31229;408;NOEFZG
YYPUNF;1;20416;410;YYPUNF
EPEZED;-1;8655;388;EPEZED
EPEZED;0;2916;388;EPEZED
OOTEOQ;1;23551;409;OOTEOQ
UMEOFG;-1;3707;412;UMEOFG
UMEOFG;0;2839;412;UMEOFG
XHYWCV;2;42765;395;XHYWCV
QNNBXC;-1;9132;413;QNNBXC
QNNBXC;0;4507;413;QNNBXC
YYPUNF;2;6895;410;YYPUNF
XHYWCV;3;21487;395;XHYWCV
YYPUNF;3;4727;410;YYPUNF
ZLOHRD;-1;13502;414;ZLOHRD
ZLOHRD;0;7774;414;ZLOHRD
AWADEN;2;53177;407;AWADEN
QMVRLD;-1;24779;416;QMVRLD
QMVRLD;0;4175;416;QMVRLD
ITMDFP;-1;13858;417;ITMDFP
HACWKM;-1;6412;418;HACWKM
ITMDFP;0;8270;417;ITMDFP
HACWKM;0;6567;418;HACWKM
QMVRLD;1;23373;416;QMVRLD
TFLUJD;-1;5351;420;TFLUJD
TFLUJD;0;4313;420;TFLUJD
YWQWSG;-1;8972;421;YWQWSG
YWQWSG;0;6102;421;YWQWSG
NOEFZG;2;14205;408;NOEFZG
SEDKIH;-1;17116;419;SEDKIH
NOEFZG;3;6177;408;NOEFZG
TFLUJD;1;23988;420;TFLUJD
ITMDFP;1;40076;417;ITMDFP
SEDKIH;0;9447;419;SEDKIH
YWQWSG;1;33273;421;YWQWSG
QCDYAO;-1;1479;425;QCDYAO
QCDYAO;0;1455;425;QCDYAO
QCDYAO;1;2027;425;QCDYAO
QMVRLD;2;13270;416;QMVRLD
GRSYSM;-1;8184;423;GRSYSM
GRSYSM;0;6511;423;GRSYSM
QMVRLD;3;7402;416;QMVRLD
SEDKIH;1;37233;419;SEDKIH
TFLUJD;2;5049;420;TFLUJD
TFLUJD;3;5891;420;TFLUJD
LFQWGJ;-1;3541;427;LFQWGJ
LFQWGJ;0;2486;427;LFQWGJ
VEGYHD;-1;2881;426;VEGYHD
VEGYHD;0;3362;426;VEGYHD
PJNZQE;-1;1930;428;PJNZQE
GRSYSM;1;34420;423;GRSYSM
PJNZQE;0;1085;428;PJNZQE
LFQWGJ;1;16335;427;LFQWGJ
PJNZQE;1;10490;428;PJNZQE
PPVUIH;-1;3418;429;PPVUIH
PPVUIH;0;2687;429;PPVUIH
ITMDFP;2;13773;417;ITMDFP
QGKXQU;-1;154858;406;QGKXQU
QGKXQU;0;1246;406;QGKXQU
LFQWGJ;2;41270;427;LFQWGJ
PPVUIH;1;15259;429;PPVUIH
ITMDFP;3;15209;417;ITMDFP
HACWKM;2;24386;418;HACWKM
LFQWGJ;3;57749;427;LFQWGJ
SEDKIH;2;13386;419;SEDKIH
GRSYSM;2;16228;423;GRSYSM
VEGYHD;2;4697;426;VEGYHD
SYGTRF;-1;7480;430;SYGTRF
GRSYSM;3;8454;423;GRSYSM
SEDKIH;3;10173;419;SEDKIH
SYGTRF;0;6463;430;SYGTRF
QGKXQU;1;54603;406;QGKXQU
PPVUIH;2;13554;429;PPVUIH
PPVUIH;3;5364;429;PPVUIH
SYGTRF;1;42613;430;SYGTRF
FKPBFD;-1;5069;431;FKPBFD
FKPBFD;0;3231;431;FKPBFD
XMDZGW;-1;91241;424;XMDZGW
YCODNU;0;4265;432;YCODNU
XMDZGW;0;4287;424;XMDZGW
BHDKKC;0;3427;433;BHDKKC
FKPBFD;1;22245;431;FKPBFD
MXGFCI;0;2832;434;MXGFCI
GONGAZ;0;9262;435;GONGAZ
QGKXQU;2;63454;406;QGKXQU
YCODNU;1;33846;432;YCODNU
QGKXQU;3;2980;406;QGKXQU
XMDZGW;1;36975;424;XMDZGW
MXGFCI;1;13524;434;MXGFCI
SYGTRF;2;21625;430;SYGTRF
BHDKKC;1;32261;433;BHDKKC
YWQWSG;2;155078;421;YWQWSG
FKPBFD;2;5171;431;FKPBFD
TMPVAV;0;7670;436;TMPVAV
FKPBFD;3;4961;431;FKPBFD
SYGTRF;3;12736;430;SYGTRF
YWQWSG;3;13971;421;YWQWSG
XMDZGW;2;16864;424;XMDZGW
FKIPGB;0;3360;437;FKIPGB
XMDZGW;3;6909;424;XMDZGW
NJKYJD;0;9146;438;NJKYJD
GONGAZ;1;59718;435;GONGAZ
TMPVAV;1;40809;436;TMPVAV
BHDKKC;2;6252;433;BHDKKC
YCODNU;2;32688;432;YCODNU
FKIPGB;1;36728;437;FKIPGB
NDRHBV;0;3818;439;NDRHBV
BHDKKC;3;11861;433;BHDKKC
YCODNU;3;9981;432;YCODNU
NDRHBV;1;27659;439;NDRHBV
TMPVAV;2;22012;436;TMPVAV
TMPVAV;3;15264;436;TMPVAV
GONGAZ;2;38230;435;GONGAZ
XENIZM;0;3768;443;XENIZM
VPJTRH;0;38423;441;VPJTRH
GONGAZ;3;20129;435;GONGAZ
FKIPGB;2;17410;437;FKIPGB
UUHPNL;0;12733;442;UUHPNL
FKIPGB;3;4034;437;FKIPGB
NDRHBV;2;7879;439;NDRHBV
NDRHBV;3;9753;439;NDRHBV
XZPGNW;1;830378;404;XZPGNW
IWKSXJ;0;2719;444;IWKSXJ
DMGUSW;0;4882;445;DMGUSW
NJKYJD;2;30150;438;NJKYJD
IWKSXJ;1;23306;444;IWKSXJ
DMGUSW;1;48065;445;DMGUSW
XZPGNW;2;12756;404;XZPGNW
XZPGNW;3;10911;404;XZPGNW
IWKSXJ;2;9639;444;IWKSXJ
IWKSXJ;3;6734;444;IWKSXJ
SBFRTB;0;9389;446;SBFRTB
NDDSFZ;0;10578;447;NDDSFZ
YVBLUD;0;7841;449;YVBLUD
LGXWQF;0;4477;450;LGXWQF
LUSFEO;0;2538;451;LUSFEO
RBQEBS;0;4169;448;RBQEBS
WKMESW;0;6772;452;WKMESW
YVBLUD;1;55072;449;YVBLUD
LUSFEO;1;27262;451;LUSFEO
LGXWQF;1;41787;450;LGXWQF
RBQEBS;1;48576;448;RBQEBS
SBFRTB;2;39922;446;SBFRTB
BWSQUA;0;1403;453;BWSQUA
BWSQUA;1;5720;453;BWSQUA
NDDSFZ;2;7553;447;NDDSFZ
GOVPNK;0;1435;454;GOVPNK
GOVPNK;1;5746;454;GOVPNK
LGXWQF;2;30273;450;LGXWQF
RBQEBS;2;16738;448;RBQEBS
RBQEBS;3;7377;448;RBQEBS
LGXWQF;3;14147;450;LGXWQF
WKMESW;2;22972;452;WKMESW
LUSFEO;0;1978;451;LUSFEO
LUSFEO;1;1894;451;LUSFEO
WHHZKG;0;4592;455;WHHZKG
SJOAGO;-1;7267;457;SJOAGO
SJOAGO;0;5271;457;SJOAGO
ULIGSX;-1;3873;458;ULIGSX
ULIGSX;0;2820;458;ULIGSX
ULIGSX;1;1733;458;ULIGSX
SJOAGO;1;46704;457;SJOAGO
XNJQDW;-1;4791;459;XNJQDW
XNJQDW;0;3217;459;XNJQDW
ULIGSX;2;14499;458;ULIGSX
WMVSBN;-1;6777;460;WMVSBN
WMVSBN;0;1791;460;WMVSBN
XNJQDW;1;25036;459;XNJQDW
ULIGSX;3;19788;458;ULIGSX
XOFIJR;2;9567;381;XOFIJR
XOFIJR;3;4447;381;XOFIJR
SJOAGO;2;14052;457;SJOAGO
WMVSBN;1;41522;460;WMVSBN
XNJQDW;2;17473;459;XNJQDW
SJOAGO;3;15518;457;SJOAGO
XNJQDW;3;4078;459;XNJQDW
WMVSBN;2;4226;460;WMVSBN
WMVSBN;3;5169;460;WMVSBN
YBZPJO;-1;9521;462;YBZPJO
LNEPAD;-1;942;463;LNEPAD
YBZPJO;0;6863;462;YBZPJO
LNEPAD;0;1055;463;LNEPAD
LNEPAD;1;3242;463;LNEPAD
LNEPAD;2;747;463;LNEPAD
LNEPAD;3;1038;463;LNEPAD
YBZPJO;1;50698;462;YBZPJO
SUBHCM;-1;12661;464;SUBHCM
SUBHCM;0;6505;464;SUBHCM
YBZPJO;2;12483;462;YBZPJO
YBZPJO;3;9029;462;YBZPJO
SUBHCM;1;51508;464;SUBHCM
PTZFAW;-1;19970;465;PTZFAW
PTZFAW;0;12231;465;PTZFAW
EXECYX;-1;2298;466;EXECYX
EXECYX;0;2700;466;EXECYX
EXECYX;2;36686;466;EXECYX
PTZFAW;2;45864;465;PTZFAW
ITEWWA;-1;6899;467;ITEWWA
ITEWWA;0;3888;467;ITEWWA
LWYNZN;-1;7607;468;LWYNZN
ITEWWA;1;24031;467;ITEWWA
LWYNZN;0;6897;468;LWYNZN
EWDVGY;-1;7243;469;EWDVGY
EWDVGY;0;5708;469;EWDVGY
EWDVGY;1;20057;469;EWDVGY
PEINFP;-1;13069;470;PEINFP
EZJKNF;-1;4066;472;EZJKNF
EZJKNF;0;3296;472;EZJKNF
PEINFP;0;10117;470;PEINFP
EPIXYL;0;3425;471;EPIXYL
EPIXYL;-1;5865;471;EPIXYL
EPIXYL;1;16364;471;EPIXYL
BLVHUG;-1;3304;473;BLVHUG
EZJKNF;1;34787;472;EZJKNF
BLVHUG;0;3446;473;BLVHUG
PEINFP;1;42709;470;PEINFP
BLVHUG;1;22295;473;BLVHUG
EZJKNF;2;10399;472;EZJKNF
APUJKV;-1;9635;474;APUJKV
APUJKV;0;2764;474;APUJKV
EZJKNF;3;6486;472;EZJKNF
APUJKV;1;10950;474;APUJKV
EPIXYL;3;657;471;EPIXYL
PEINFP;2;23223;470;PEINFP
APUJKV;2;10255;474;APUJKV
APUJKV;3;2703;474;APUJKV
PEINFP;3;22381;470;PEINFP
OPTEFJ;-1;2871;475;OPTEFJ
OPTEFJ;0;1682;475;OPTEFJ
OPTEFJ;1;10942;475;OPTEFJ
RWJACR;-1;10239;476;RWJACR
RWJACR;0;15123;476;RWJACR
CQNXQY;-1;3101;477;CQNXQY
CQNXQY;0;2566;477;CQNXQY
CQNXQY;1;23485;477;CQNXQY
KIJEAJ;-1;15107;479;KIJEAJ
KIJEAJ;0;5541;479;KIJEAJ
KIJEAJ;1;27468;479;KIJEAJ
CQNXQY;2;9792;477;CQNXQY
CQNXQY;3;4819;477;CQNXQY
KIJEAJ;2;29893;479;KIJEAJ
KIJEAJ;3;4990;479;KIJEAJ
EWDVGY;2;15398;469;EWDVGY
EWDVGY;3;2070;469;EWDVGY
EWDVGY;4;5750;469;EWDVGY
DGGAZF;-1;4849;480;DGGAZF
DGGAZF;0;2638;480;DGGAZF
DGGAZF;1;52876;480;DGGAZF
XILUJA;-1;1909;481;XILUJA
XILUJA;0;1782;481;XILUJA
DGGAZF;2;17673;480;DGGAZF
DGGAZF;3;4120;480;DGGAZF
XILUJA;1;7223;481;XILUJA
XILUJA;2;5856;481;XILUJA
XILUJA;3;1222;481;XILUJA
DEKMLW;-1;8138;482;DEKMLW
DEKMLW;0;4965;482;DEKMLW
ZFQYGF;-1;3441;483;ZFQYGF
ZFQYGF;0;2541;483;ZFQYGF
ZFQYGF;2;8543;483;ZFQYGF
HSXVVH;-1;16308;484;HSXVVH
HSXVVH;0;7362;484;HSXVVH
HSXVVH;1;62280;484;HSXVVH
HSXVVH;2;17752;484;HSXVVH
HSXVVH;3;15805;484;HSXVVH
XIJBHS;-1;3836;485;XIJBHS
XIJBHS;0;4220;485;XIJBHS
PUSJMH;-1;4646;486;PUSJMH
PUSJMH;0;6936;486;PUSJMH
PUSJMH;2;17228;486;PUSJMH
CBGDXW;-1;7478;487;CBGDXW
CBGDXW;0;7969;487;CBGDXW
CBGDXW;1;9171;487;CBGDXW
JSPMZL;-1;2366;489;JSPMZL
JSPMZL;0;3263;489;JSPMZL
JSPMZL;1;20838;489;JSPMZL
LYACUF;-1;409962;488;LYACUF
LYACUF;0;3587;488;LYACUF
LYACUF;1;28735;488;LYACUF
LYACUF;2;21290;488;LYACUF
LYACUF;3;10953;488;LYACUF
PMESXV;-1;8567;490;PMESXV
PMESXV;0;3377;490;PMESXV
PMESXV;1;17351;490;PMESXV
PMESXV;2;6551;490;PMESXV
PMESXV;3;3949;490;PMESXV
XUACRU;-1;7983;491;XUACRU
XUACRU;0;5303;491;XUACRU
XUACRU;1;37876;491;XUACRU
EBMYYE;-1;6258;492;EBMYYE
EBMYYE;0;8971;492;EBMYYE
EBMYYE;1;11558;492;EBMYYE
EBMYYE;2;26040;492;EBMYYE
EBMYYE;3;9645;492;EBMYYE
QKETFJ;-1;16786;493;QKETFJ
QKETFJ;0;10696;493;QKETFJ
QKETFJ;1;32282;493;QKETFJ
QKETFJ;2;17999;493;QKETFJ
QKETFJ;3;9458;493;QKETFJ
SXBQJK;-1;2736;494;SXBQJK
SXBQJK;0;3367;494;SXBQJK
XNGETM;-1;16999;495;XNGETM
XNGETM;0;162795;495;XNGETM
EMKMQF;-1;1453;496;EMKMQF
EMKMQF;0;1830;496;EMKMQF
EMKMQF;1;15578;496;EMKMQF
EMKMQF;-1;5038;496;EMKMQF
EMKMQF;0;1245;496;EMKMQF
EMKMQF;1;3474;496;EMKMQF
IJATVV;-1;1951;497;IJATVV
IJATVV;0;2087;497;IJATVV
IJATVV;1;2187;497;IJATVV
IJATVV;2;16754;497;IJATVV
IJATVV;3;3205;497;IJATVV
SBPLUR;-1;5394;498;SBPLUR
SBPLUR;0;255391;498;SBPLUR
NCSCZX;-1;19461;500;NCSCZX
NCSCZX;0;5984;500;NCSCZX
OVTUZX;-1;6449;501;OVTUZX
OVTUZX;0;2350;501;OVTUZX
OVTUZX;1;7067;501;OVTUZX
OVTUZX;2;3228;501;OVTUZX
OVTUZX;3;4329;501;OVTUZX
